Workbook

Sheet Instructions

Sheet Report Card
D5: OYO STATE MINISTRY OF EDUCATION, SCIENCE AND TECHNOLOGY | L5: Insert School Logo
D6: COMPREHENSIVE HIGH SCHOOL, IGBOPE
D7: STUDENT REPORT CARD
B8: 19 | C8: Student Name: | D8: =VLOOKUP(B8,Db!A4:B503,2,0) | G8: Gender | H8: =VLOOKUP(B8,Db!A4:E503,4,0) | I8: Adm. No. | J8: =VLOOKUP(B8,Db!A4:C503,3,0) | K8: Class: | L8: =VLOOKUP(B8,Db!A4:E503,5,0)
B9: Number of Subjects Offered: | D9: =COUNTIF(D14:D30,"=100") | E9: Number Passed: | F9: =COUNTIF(J14:J30,">=40") | G9: Number Failed: | H9: =D9-F9 | I9: Number of Students in Class: | J9: =VLOOKUP(B8,Db!A4:F503,6,0) | K9: Class Position | L9: =VLOOKUP(B8,Db!A4:DI503,113,0)
B10: No of Times School Opened: | D10: =VLOOKUP(B8,Db!A4:G503,7,0) | E10: No of Times Present: | F10: =VLOOKUP(B8,Db!A4:H503,8,0) | G10: No of Times Absent: | H10: =VLOOKUP(B8,Db!A4:I503,9,0) | I10: Academic Session: | J10: =VLOOKUP(B8,Db!A4:DR503,122,0) | K10: Term: | L10: =VLOOKUP(B8,Db!A4:DS503,123,0)
B11: COGNITIVE (ACADEMIC PERFORMANCE)
B12: S/NO | C12: Subject | D12: Marks Obtainable | E12: 3rd Term C.A. | F12: 3rd Term Exam | G12: Total Mark | K12: Grade Obtained | L12: Remarks
E13: 0.3 | F13: 0.7 | G13: 3rd Term Total (100%) | H13: 2nd Term Total (100%) | I13: 1st Term Total (100%) | J13: Average Score in %
B14: 1 | C14: =Db!J2 | D14: =IF(AND(G14=0,H14=0,I14=0),"--",100) | E14: =VLOOKUP(B8,Db!A4:J503,10,0) | F14: =VLOOKUP(B8,Db!A4:K503,11,0) | G14: =VLOOKUP(B8,Db!A4:L503,12,0) | H14: =VLOOKUP(B8,Db!A4:M503,13,0) | I14: =VLOOKUP(B8,Db!A4:N503,14,0) | J14: =VLOOKUP(B8,Db!A4:O503,15,0) | K14: =IF(J14>=70,"A",IF(J14>=50,"C",IF(J14>=40,"P",IF(J14>=1,"F","NA")))) | L14: =IF(K14="A","DISTINCTION",IF(K14="C","GOOD",IF(K14="P","PASS",IF(K14="F","FAIL",IF(K14="NA","NOT APPLICABLE","")))))
B15: 2 | C15: =Db!P2 | D15: =IF(AND(G15=0,H15=0,I15=0),"--",100) | E15: =VLOOKUP(B8,Db!A4:P503,16,0) | F15: =VLOOKUP(B8,Db!A4:Q503,17,0) | G15: =VLOOKUP(B8,Db!A4:R503,18,0) | H15: =VLOOKUP(B8,Db!A4:S503,19,0) | I15: =VLOOKUP(B8,Db!A4:T503,20,0) | J15: =VLOOKUP(B8,Db!A4:U503,21,0) | K15: =IF(J15>=70,"A",IF(J15>=50,"C",IF(J15>=40,"P",IF(J15>=1,"F","NA")))) | L15: =IF(K15="A","DISTINCTION",IF(K15="C","GOOD",IF(K15="P","PASS",IF(K15="F","FAIL",IF(K15="NA","NOT APPLICABLE","")))))
B16: 3 | C16: =Db!V2 | D16: =IF(AND(G16=0,H16=0,I16=0),"--",100) | E16: =VLOOKUP(B8,Db!A4:V503,22,0) | F16: =VLOOKUP(B8,Db!A4:W503,23,0) | G16: =VLOOKUP(B8,Db!A4:X503,24,0) | H16: =VLOOKUP(B8,Db!A4:Y503,25,0) | I16: =VLOOKUP(B8,Db!A4:Z503,26,0) | J16: =VLOOKUP(B8,Db!A4:AA503,27,0) | K16: =IF(J16>=70,"A",IF(J16>=50,"C",IF(J16>=40,"P",IF(J16>=1,"F","NA")))) | L16: =IF(K16="A","DISTINCTION",IF(K16="C","GOOD",IF(K16="P","PASS",IF(K16="F","FAIL",IF(K16="NA","NOT APPLICABLE","")))))
B17: 4 | C17: =Db!AB2 | D17: =IF(AND(G17=0,H17=0,I17=0),"--",100) | E17: =VLOOKUP(B8,Db!A4:AB503,28,0) | F17: =VLOOKUP(B8,Db!A4:AC503,29,0) | G17: =VLOOKUP(B8,Db!A4:AD503,30,0) | H17: =VLOOKUP(B8,Db!A4:AE503,31,0) | I17: =VLOOKUP(B8,Db!A4:AF503,32,0) | J17: =VLOOKUP(B8,Db!A4:AG503,33,0) | K17: =IF(J17>=70,"A",IF(J17>=50,"C",IF(J17>=40,"P",IF(J17>=1,"F","NA")))) | L17: =IF(K17="A","DISTINCTION",IF(K17="C","GOOD",IF(K17="P","PASS",IF(K17="F","FAIL",IF(K17="NA","NOT APPLICABLE","")))))
B18: 5 | C18: =Db!AH2 | D18: =IF(AND(G18=0,H18=0,I18=0),"--",100) | E18: =VLOOKUP(B8,Db!A4:AH503,34,0) | F18: =VLOOKUP(B8,Db!A4:AI503,35,0) | G18: =VLOOKUP(B8,Db!A4:AJ503,36,0) | H18: =VLOOKUP(B8,Db!A4:AK503,37,0) | I18: =VLOOKUP(B8,Db!A4:AL503,38,0) | J18: =VLOOKUP(B8,Db!A4:AM503,39,0) | K18: =IF(J18>=70,"A",IF(J18>=50,"C",IF(J18>=40,"P",IF(J18>=1,"F","NA")))) | L18: =IF(K18="A","DISTINCTION",IF(K18="C","GOOD",IF(K18="P","PASS",IF(K18="F","FAIL",IF(K18="NA","NOT APPLICABLE","")))))
B19: 6 | C19: =Db!AN2 | D19: =IF(AND(G19=0,H19=0,I19=0),"--",100) | E19: =VLOOKUP(B8,Db!A4:AN503,40,0) | F19: =VLOOKUP(B8,Db!A4:AO503,41,0) | G19: =VLOOKUP(B8,Db!A4:AP503,42,0) | H19: =VLOOKUP(B8,Db!A4:AQ503,43,0) | I19: =VLOOKUP(B8,Db!A4:AR503,44,0) | J19: =VLOOKUP(B8,Db!A4:AS503,45,0) | K19: =IF(J19>=70,"A",IF(J19>=50,"C",IF(J19>=40,"P",IF(J19>=1,"F","NA")))) | L19: =IF(K19="A","DISTINCTION",IF(K19="C","GOOD",IF(K19="P","PASS",IF(K19="F","FAIL",IF(K19="NA","NOT APPLICABLE","")))))
B20: 7 | C20: =Db!AT2 | D20: =IF(AND(G20=0,H20=0,I20=0),"--",100) | E20: =VLOOKUP(B8,Db!A4:AT503,46,0) | F20: =VLOOKUP(B8,Db!A4:AU503,47,0) | G20: =VLOOKUP(B8,Db!A4:AV503,48,0) | H20: =VLOOKUP(B8,Db!A4:AW503,49,0) | I20: =VLOOKUP(B8,Db!A4:AX503,50,0) | J20: =VLOOKUP(B8,Db!A4:AY503,51,0) | K20: =IF(J20>=70,"A",IF(J20>=50,"C",IF(J20>=40,"P",IF(J20>=1,"F","NA")))) | L20: =IF(K20="A","DISTINCTION",IF(K20="C","GOOD",IF(K20="P","PASS",IF(K20="F","FAIL",IF(K20="NA","NOT APPLICABLE","")))))
B21: 8 | C21: =Db!AZ2 | D21: =IF(AND(G21=0,H21=0,I21=0),"--",100) | E21: =VLOOKUP(B8,Db!A4:AZ503,52,0) | F21: =VLOOKUP(B8,Db!A4:BA503,53,0) | G21: =VLOOKUP(B8,Db!A4:BB503,54,0) | H21: =VLOOKUP(B8,Db!A4:BC503,55,0) | I21: =VLOOKUP(B8,Db!A4:BD503,56,0) | J21: =VLOOKUP(B8,Db!A4:BE503,57,0) | K21: =IF(J21>=70,"A",IF(J21>=50,"C",IF(J21>=40,"P",IF(J21>=1,"F","NA")))) | L21: =IF(K21="A","DISTINCTION",IF(K21="C","GOOD",IF(K21="P","PASS",IF(K21="F","FAIL",IF(K21="NA","NOT APPLICABLE","")))))
B22: 9 | C22: =Db!BF2 | D22: =IF(AND(G22=0,H22=0,I22=0),"--",100) | E22: =VLOOKUP(B8,Db!A4:BF503,58,0) | F22: =VLOOKUP(B8,Db!A4:BG503,59,0) | G22: =VLOOKUP(B8,Db!A4:BH503,60,0) | H22: =VLOOKUP(B8,Db!A4:BI503,61,0) | I22: =VLOOKUP(B8,Db!A4:BJ503,62,0) | J22: =VLOOKUP(B8,Db!A4:BK503,63,0) | K22: =IF(J22>=70,"A",IF(J22>=50,"C",IF(J22>=40,"P",IF(J22>=1,"F","NA")))) | L22: =IF(K22="A","DISTINCTION",IF(K22="C","GOOD",IF(K22="P","PASS",IF(K22="F","FAIL",IF(K22="NA","NOT APPLICABLE","")))))
B23: 10 | C23: =Db!BL2 | D23: =IF(AND(G23=0,H23=0,I23=0),"--",100) | E23: =VLOOKUP(B8,Db!A4:BL503,64,0) | F23: =VLOOKUP(B8,Db!A4:BM503,65,0) | G23: =VLOOKUP(B8,Db!A4:BN503,66,0) | H23: =VLOOKUP(B8,Db!A4:BO503,67,0) | I23: =VLOOKUP(B8,Db!A4:BP503,68,0) | J23: =VLOOKUP(B8,Db!A4:BQ503,69,0) | K23: =IF(J23>=70,"A",IF(J23>=50,"C",IF(J23>=40,"P",IF(J23>=1,"F","NA")))) | L23: =IF(K23="A","DISTINCTION",IF(K23="C","GOOD",IF(K23="P","PASS",IF(K23="F","FAIL",IF(K23="NA","NOT APPLICABLE","")))))
B24: 11 | C24: =Db!BR2 | D24: =IF(AND(G24=0,H24=0,I24=0),"--",100) | E24: =VLOOKUP(B8,Db!A4:BR503,70,0) | F24: =VLOOKUP(B8,Db!A4:BS503,71,0) | G24: =VLOOKUP(B8,Db!A4:BT503,72,0) | H24: =VLOOKUP(B8,Db!A4:BU503,73,0) | I24: =VLOOKUP(B8,Db!A4:BV503,74,0) | J24: =VLOOKUP(B8,Db!A4:BW503,75,0) | K24: =IF(J24>=70,"A",IF(J24>=50,"C",IF(J24>=40,"P",IF(J24>=1,"F","NA")))) | L24: =IF(K24="A","DISTINCTION",IF(K24="C","GOOD",IF(K24="P","PASS",IF(K24="F","FAIL",IF(K24="NA","NOT APPLICABLE","")))))
B25: 12 | C25: =Db!BX2 | D25: =IF(AND(G25=0,H25=0,I25=0),"--",100) | E25: =VLOOKUP(B8,Db!A4:BX503,76,0) | F25: =VLOOKUP(B8,Db!A4:BY503,77,0) | G25: =VLOOKUP(B8,Db!A4:BZ503,78,0) | H25: =VLOOKUP(B8,Db!A4:CA503,79,0) | I25: =VLOOKUP(B8,Db!A4:CB503,80,0) | J25: =VLOOKUP(B8,Db!A4:CC503,81,0) | K25: =IF(J25>=70,"A",IF(J25>=50,"C",IF(J25>=40,"P",IF(J25>=1,"F","NA")))) | L25: =IF(K25="A","DISTINCTION",IF(K25="C","GOOD",IF(K25="P","PASS",IF(K25="F","FAIL",IF(K25="NA","NOT APPLICABLE","")))))
B26: 13 | C26: =Db!CD2 | D26: =IF(AND(G26=0,H26=0,I26=0),"--",100) | E26: =VLOOKUP(B8,Db!A4:CD503,82,0) | F26: =VLOOKUP(B8,Db!A4:CE503,83,0) | G26: =VLOOKUP(B8,Db!A4:CF503,84,0) | H26: =VLOOKUP(B8,Db!A4:CG503,85,0) | I26: =VLOOKUP(B8,Db!A4:CH503,86,0) | J26: =VLOOKUP(B8,Db!A4:CI503,87,0) | K26: =IF(J26>=70,"A",IF(J26>=50,"C",IF(J26>=40,"P",IF(J26>=1,"F","NA")))) | L26: =IF(K26="A","DISTINCTION",IF(K26="C","GOOD",IF(K26="P","PASS",IF(K26="F","FAIL",IF(K26="NA","NOT APPLICABLE","")))))
B27: 14 | C27: =Db!CJ2 | D27: =IF(AND(G27=0,H27=0,I27=0),"--",100) | E27: =VLOOKUP(B8,Db!A4:CJ503,88,0) | F27: =VLOOKUP(B8,Db!A4:CK503,89,0) | G27: =VLOOKUP(B8,Db!A4:CL503,90,0) | H27: =VLOOKUP(B8,Db!A4:CM503,91,0) | I27: =VLOOKUP(B8,Db!A4:CN503,92,0) | J27: =VLOOKUP(B8,Db!A4:CO503,93,0) | K27: =IF(J27>=70,"A",IF(J27>=50,"C",IF(J27>=40,"P",IF(J27>=1,"F","NA")))) | L27: =IF(K27="A","DISTINCTION",IF(K27="C","GOOD",IF(K27="P","PASS",IF(K27="F","FAIL",IF(K27="NA","NOT APPLICABLE","")))))
B28: 15 | C28: =Db!CP2 | D28: =IF(AND(G28=0,H28=0,I28=0),"--",100) | E28: =VLOOKUP(B8,Db!A4:CP503,94,0) | F28: =VLOOKUP(B8,Db!A4:CQ503,95,0) | G28: =VLOOKUP(B8,Db!A4:CR503,96,0) | H28: =VLOOKUP(B8,Db!A4:CS503,97,0) | I28: =VLOOKUP(B8,Db!A4:CT503,98,0) | J28: =VLOOKUP(B8,Db!A4:CU503,99,0) | K28: =IF(J28>=70,"A",IF(J28>=50,"C",IF(J28>=40,"P",IF(J28>=1,"F","NA")))) | L28: =IF(K28="A","DISTINCTION",IF(K28="C","GOOD",IF(K28="P","PASS",IF(K28="F","FAIL",IF(K28="NA","NOT APPLICABLE","")))))
B29: 16 | C29: =Db!CV2 | D29: =IF(AND(G29=0,H29=0,I29=0),"--",100) | E29: =VLOOKUP(B8,Db!A4:CV503,100,0) | F29: =VLOOKUP(B8,Db!A4:CW503,101,0) | G29: =VLOOKUP(B8,Db!A4:CX503,102,0) | H29: =VLOOKUP(B8,Db!A4:CY503,103,0) | I29: =VLOOKUP(B8,Db!A4:CZ503,104,0) | J29: =VLOOKUP(B8,Db!A4:DA503,105,0) | K29: =IF(J29>=70,"A",IF(J29>=50,"C",IF(J29>=40,"P",IF(J29>=1,"F","NA")))) | L29: =IF(K29="A","DISTINCTION",IF(K29="C","GOOD",IF(K29="P","PASS",IF(K29="F","FAIL",IF(K29="NA","NOT APPLICABLE","")))))
B30: 17 | C30: =Db!DB2 | D30: =IF(AND(G30=0,H30=0,I30=0),"--",100) | E30: =VLOOKUP(B8,Db!A4:DB503,106,0) | F30: =VLOOKUP(B8,Db!A4:DC503,107,0) | G30: =VLOOKUP(B8,Db!A4:DD503,108,0) | H30: =VLOOKUP(B8,Db!A4:DE503,109,0) | I30: =VLOOKUP(B8,Db!A4:DF503,110,0) | J30: =VLOOKUP(B8,Db!A4:DG503,111,0) | K30: =IF(J30>=70,"A",IF(J30>=50,"C",IF(J30>=40,"P",IF(J30>=1,"F","NA")))) | L30: =IF(K30="A","DISTINCTION",IF(K30="C","GOOD",IF(K30="P","PASS",IF(K30="F","FAIL",IF(K30="NA","NOT APPLICABLE","")))))
B31: TOTAL MARKS OBTAINABLE: | D31: =SUM(D14:D30) | H31: TOTAL MARKS OBTAINED: | J31: =SUM(J14:J30) | K31: % | L31: =FLOOR(J31/D31*100,0.1)
B32: GRADE INTERPRETATION ::: A: DISTINCTION C: CREDIT P: PASS F: FAIL
B33: BEHAVIOURAL (AFFECTIVE DOMAIN)
B34: PUNCTUALITY | D34: NEATNESS | E34: ATTENTIVENESS | F34: RELATIONSHIP WITH OTHERS | G34: POLITENESS | H34: RESPONSIVENESS | I34: COMMITMENT | J34: CONSISTENCY | K34: TOTAL SCORE | L34: 40
B35: =VLOOKUP(B8,Db!A4:DJ503,114,0) | D35: =VLOOKUP(B8,Db!A4:DK503,115,0) | E35: =VLOOKUP(B8,Db!A4:DL503,116,0) | F35: =VLOOKUP(B8,Db!A4:DM503,117,0) | G35: =VLOOKUP(B8,Db!A4:DN503,118,0) | H35: =VLOOKUP(B8,Db!A4:DO503,119,0) | I35: =VLOOKUP(B8,Db!A4:DP503,120,0) | J35: =VLOOKUP(B8,Db!A4:DQ503,121,0) | K35: SCORE OBTAINED | L35: =SUM(B36:J36)
B36: =IF(B35="EXCELLENT(5)",5,IF(B35="GOOD(4)",4,IF(B35="AVERAGE(3)",3,IF(B35="BELOW AVERAGE(2)",2,IF(B35="FAIR(1)",1,"--"))))) | D36: =IF(D35="EXCELLENT(5)",5,IF(D35="GOOD(4)",4,IF(D35="AVERAGE(3)",3,IF(D35="BELOW AVERAGE(2)",2,IF(D35="FAIR(1)",1,"--"))))) | E36: =IF(E35="EXCELLENT(5)",5,IF(E35="GOOD(4)",4,IF(E35="AVERAGE(3)",3,IF(E35="BELOW AVERAGE(2)",2,IF(E35="FAIR(1)",1,"--"))))) | F36: =IF(F35="EXCELLENT(5)",5,IF(F35="GOOD(4)",4,IF(F35="AVERAGE(3)",3,IF(F35="BELOW AVERAGE(2)",2,IF(F35="FAIR(1)",1,"--"))))) | G36: =IF(G35="EXCELLENT(5)",5,IF(G35="GOOD(4)",4,IF(G35="AVERAGE(3)",3,IF(G35="BELOW AVERAGE(2)",2,IF(G35="FAIR(1)",1,"--"))))) | H36: =IF(H35="EXCELLENT(5)",5,IF(H35="GOOD(4)",4,IF(H35="AVERAGE(3)",3,IF(H35="BELOW AVERAGE(2)",2,IF(H35="FAIR(1)",1,"--"))))) | I36: =IF(I35="EXCELLENT(5)",5,IF(I35="GOOD(4)",4,IF(I35="AVERAGE(3)",3,IF(I35="BELOW AVERAGE(2)",2,IF(I35="FAIR(1)",1,"--"))))) | J36: =IF(J35="EXCELLENT(5)",5,IF(J35="GOOD(4)",4,IF(J35="AVERAGE(3)",3,IF(J35="BELOW AVERAGE(2)",2,IF(J35="FAIR(1)",1,"--")))))
B37: PSYCHOMOTOR DOMAIN
B38: CRAFTS/DRAWING & PAINTING | D38: TECHNICAL SKILLS | E38: ICT SKILLS | F38: GARDENING/ FARMING SKILLS | G38: GAMES & SPORTS | H38: CREATIVITY & INITIATIVE | J38: VERBAL FLUENCY | K38: TOTAL SCORE | L38: =SUM(C49:I49)
B39: =VLOOKUP(B8,Db!A4:DT503,124,0) | D39: =VLOOKUP(B8,Db!A4:DU503,125,0) | E39: =VLOOKUP(B8,Db!A4:DV503,126,0) | F39: =VLOOKUP(B8,Db!A4:DW503,127,0) | G39: =VLOOKUP(B8,Db!A4:DX503,128,0) | H39: =VLOOKUP(B8,Db!A4:DY503,129,0) | J39: =VLOOKUP(B8,Db!A4:DZ503,130,0) | K39: SCORE OBTAINED | L39: =SUM(B40:K40)
B40: =IF(B39="EXCELLENT(5)",5,IF(B39="GOOD(4)",4,IF(B39="AVERAGE(3)",3,IF(B39="BELOW AVERAGE(2)",2,IF(B39="FAIR(1)",1,"--"))))) | D40: =IF(D39="EXCELLENT(5)",5,IF(D39="GOOD(4)",4,IF(D39="AVERAGE(3)",3,IF(D39="BELOW AVERAGE(2)",2,IF(D39="FAIR(1)",1,"--"))))) | E40: =IF(E39="EXCELLENT(5)",5,IF(E39="GOOD(4)",4,IF(E39="AVERAGE(3)",3,IF(E39="BELOW AVERAGE(2)",2,IF(E39="FAIR(1)",1,"--"))))) | F40: =IF(F39="EXCELLENT(5)",5,IF(F39="GOOD(4)",4,IF(F39="AVERAGE(3)",3,IF(F39="BELOW AVERAGE(2)",2,IF(F39="FAIR(1)",1,"--"))))) | G40: =IF(G39="EXCELLENT(5)",5,IF(G39="GOOD(4)",4,IF(G39="AVERAGE(3)",3,IF(G39="BELOW AVERAGE(2)",2,IF(G39="FAIR(1)",1,"--"))))) | H40: =IF(H39="EXCELLENT(5)",5,IF(H39="GOOD(4)",4,IF(H39="AVERAGE(3)",3,IF(H39="BELOW AVERAGE(2)",2,IF(H39="FAIR(1)",1,"--"))))) | J40: =IF(J39="EXCELLENT(5)",5,IF(J39="GOOD(4)",4,IF(J39="AVERAGE(3)",3,IF(J39="BELOW AVERAGE(2)",2,IF(J39="FAIR(1)",1,"--")))))
B41: NON-COGNITIVE ASPECTS RATING KEYS: 5-Excellent 4-Good 3-Average 2-Below Average 1-Fair
B42: Class Tutor's Comment: | D42: =VLOOKUP(B8,Db!A4:EA503,131,0) | H42: Class Tutor's Name: | I42: =VLOOKUP(B8,Db!A4:EC503,133,0)
B43: Principal´s Comment: | D43: =VLOOKUP(B8,Db!A4:EB503,132,0) | J43: Parent Signature:
B44: Principal´s Signature/Stamp:
B45: =VLOOKUP(B8,Db!A4:ED503,134,0) | I45: POWERED BY PLANNING, RESEARCH AND STATISTICS DEPARTMENT, EMIS UNIT
C49: =IF(B39="EXCELLENT(5)",5,IF(B39="GOOD(4)",5,IF(B39="AVERAGE(3)",5,IF(B39="BELOW AVERAGE(2)",5,IF(B39="FAIR(1)",5,0))))) | D49: =IF(D39="EXCELLENT(5)",5,IF(D39="GOOD(4)",5,IF(D39="AVERAGE(3)",5,IF(D39="BELOW AVERAGE(2)",5,IF(D39="FAIR(1)",5,0))))) | E49: =IF(E39="EXCELLENT(5)",5,IF(E39="GOOD(4)",5,IF(E39="AVERAGE(3)",5,IF(E39="BELOW AVERAGE(2)",5,IF(E39="FAIR(1)",5,0))))) | F49: =IF(F39="EXCELLENT(5)",5,IF(F39="GOOD(4)",5,IF(F39="AVERAGE(3)",5,IF(F39="BELOW AVERAGE(2)",5,IF(F39="FAIR(1)",5,0))))) | G49: =IF(G39="EXCELLENT(5)",5,IF(G39="GOOD(4)",5,IF(G39="AVERAGE(3)",5,IF(G39="BELOW AVERAGE(2)",5,IF(G39="FAIR(1)",5,0))))) | H49: =IF(H39="EXCELLENT(5)",5,IF(H39="GOOD(4)",5,IF(H39="AVERAGE(3)",5,IF(H39="BELOW AVERAGE(2)",5,IF(H39="FAIR(1)",5,0))))) | I49: =IF(J39="EXCELLENT(5)",5,IF(J39="GOOD(4)",5,IF(J39="AVERAGE(3)",5,IF(J39="BELOW AVERAGE(2)",5,IF(J39="FAIR(1)",5,0)))))

Sheet Db
A1: 1 | B1: 2 | C1: 3 | D1: 4 | E1: 5 | F1: 6 | G1: 7 | H1: 8 | I1: 9 | J1: 10 | K1: 11 | L1: 12 | M1: 13 | N1: 14 | O1: 15 | P1: 16 | Q1: 17 | R1: 18 | S1: 19 | T1: 20 | U1: 21 | V1: 22 | W1: 23 | X1: 24 | Y1: 25 | Z1: 26 | AA1: 27 | AB1: 28 | AC1: 29 | AD1: 30 | AE1: 31 | AF1: 32 | AG1: 33 | AH1: 34 | AI1: 35 | AJ1: 36 | AK1: 37 | AL1: 38 | AM1: 39 | AN1: 40 | AO1: 41 | AP1: 42 | AQ1: 43 | AR1: 44 | AS1: 45 | AT1: 46 | AU1: 47 | AV1: 48 | AW1: 49 | AX1: 50 | AY1: 51 | AZ1: 52 | BA1: 53 | BB1: 54 | BC1: 55 | BD1: 56 | BE1: 57 | BF1: 58 | BG1: 59 | BH1: 60 | BI1: 61 | BJ1: 62 | BK1: 63 | BL1: 64 | BM1: 65 | BN1: 66 | BO1: 67 | BP1: 68 | BQ1: 69 | BR1: 70 | BS1: 71 | BT1: 72 | BU1: 73 | BV1: 74 | BW1: 75 | BX1: 76 | BY1: 77 | BZ1: 78 | CA1: 79 | CB1: 80 | CC1: 81 | CD1: 82 | CE1: 83 | CF1: 84 | CG1: 85 | CH1: 86 | CI1: 87 | CJ1: 88 | CK1: 89 | CL1: 90 | CM1: 91 | CN1: 92 | CO1: 93 | CP1: 94 | CQ1: 95 | CR1: 96 | CS1: 97 | CT1: 98 | CU1: 99 | CV1: 100 | CW1: 101 | CX1: 102 | CY1: 103 | CZ1: 104 | DA1: 105 | DB1: 106 | DC1: 107 | DD1: 108 | DE1: 109 | DF1: 110 | DG1: 111 | DH1: 112 | DI1: 113 | DJ1: 114 | DK1: 115 | DL1: 116 | DM1: 117 | DN1: 118 | DO1: 119 | DP1: 120 | DQ1: 121 | DR1: 122 | DS1: 123 | DT1: 124 | DU1: 125 | DV1: 126 | DW1: 127 | DX1: 128 | DY1: 129 | DZ1: 130 | EA1: 131 | EB1: 132 | EC1: 133 | ED1: 134
J2: General Mathematics | P2: English Language | V2: Basic Science | AB2: Basic Technology | AH2: Business Studies | AN2: CCA | AT2: Social Studies | AZ2: Agriculture-Science | BF2: Yoruba | BL2: PHE | BR2: Home-Economics | BX2: Civic Education | CD2: Computer Studies | CJ2: History | CP2: Islamic Studies | CV2: C.R.S | DB2: French | DJ2: AFFECTIVE DOMAIN | DT2: PSYCHOMOTOR DOMAIN
A3: S/N | B3: Name | C3: Admission Number | D3: Gender | E3: Class | F3: NO OF STUDENTS IN CLASS | G3: NO OF TIMES SCHOOL OPENED | H3: NO OF TIMES PRESENT | I3: NO OF TIMES ABSENT | J3: 3RD TERM C.A. (30%) | K3: 3RD TERM EXAM (70%) | L3: 3RD TERM TOTAL (100%) | M3: 2ND TERM TOTAL (100%) | N3: 1ST TERM TOTAL (100%) | O3: AVERAGE SCORE | P3: 3RD TERM C.A. (30%) | Q3: 3RD TERM EXAM (70%) | R3: 3RD TERM TOTAL (100%) | S3: 2ND TERM TOTAL (100%) | T3: 1ST TERM TOTAL (100%) | U3: AVERAGE SCORE | V3: 3RD TERM C.A. (30%) | W3: 3RD TERM EXAM (70%) | X3: 3RD TERM TOTAL (100%) | Y3: 2ND TERM TOTAL (100%) | Z3: 1ST TERM TOTAL (100%) | AA3: AVERAGE SCORE | AB3: 3RD TERM C.A. (30%) | AC3: 3RD TERM EXAM (70%) | AD3: 3RD TERM TOTAL (100%) | AE3: 2ND TERM TOTAL (100%) | AF3: 1ST TERM TOTAL (100%) | AG3: AVERAGE SCORE | AH3: 3RD TERM C.A. (30%) | AI3: 3RD TERM EXAM (70%) | AJ3: 3RD TERM TOTAL (100%) | AK3: 2ND TERM TOTAL (100%) | AL3: 1ST TERM TOTAL (100%) | AM3: AVERAGE SCORE | AN3: 3RD TERM C.A. (30%) | AO3: 3RD TERM EXAM (70%) | AP3: 3RD TERM TOTAL (100%) | AQ3: 2ND TERM TOTAL (100%) | AR3: 1ST TERM TOTAL (100%) | AS3: AVERAGE SCORE | AT3: 3RD TERM C.A. (30%) | AU3: 3RD TERM EXAM (70%) | AV3: 3RD TERM TOTAL (100%) | AW3: 2ND TERM TOTAL (100%) | AX3: 1ST TERM TOTAL (100%) | AY3: AVERAGE SCORE | AZ3: 3RD TERM C.A. (30%) | BA3: 3RD TERM EXAM (70%) | BB3: 3RD TERM TOTAL (100%) | BC3: 2ND TERM TOTAL (100%) | BD3: 1ST TERM TOTAL (100%) | BE3: AVERAGE SCORE | BF3: 3RD TERM C.A. (30%) | BG3: 3RD TERM EXAM (70%) | BH3: 3RD TERM TOTAL (100%) | BI3: 2ND TERM TOTAL (100%) | BJ3: 1ST TERM TOTAL (100%) | BK3: AVERAGE SCORE | BL3: 3RD TERM C.A. (30%) | BM3: 3RD TERM EXAM (70%) | BN3: 3RD TERM TOTAL (100%) | BO3: 2ND TERM TOTAL (100%) | BP3: 1ST TERM TOTAL (100%) | BQ3: AVERAGE SCORE | BR3: 3RD TERM C.A. (30%) | BS3: 3RD TERM EXAM (70%) | BT3: 3RD TERM TOTAL (100%) | BU3: 2ND TERM TOTAL (100%) | BV3: 1ST TERM TOTAL (100%) | BW3: AVERAGE SCORE | BX3: 3RD TERM C.A. (30%) | BY3: 3RD TERM EXAM (70%) | BZ3: 3RD TERM TOTAL (100%) | CA3: 2ND TERM TOTAL (100%) | CB3: 1ST TERM TOTAL (100%) | CC3: AVERAGE SCORE | CD3: 3RD TERM C.A. (30%) | CE3: 3RD TERM EXAM (70%) | CF3: 3RD TERM TOTAL (100%) | CG3: 2ND TERM TOTAL (100%) | CH3: 1ST TERM TOTAL (100%) | CI3: AVERAGE SCORE | CJ3: 3RD TERM C.A. (30%) | CK3: 3RD TERM EXAM (70%) | CL3: 3RD TERM TOTAL (100%) | CM3: 2ND TERM TOTAL (100%) | CN3: 1ST TERM TOTAL (100%) | CO3: AVERAGE SCORE | CP3: 3RD TERM C.A. (30%) | CQ3: 3RD TERM EXAM (70%) | CR3: 3RD TERM TOTAL (100%) | CS3: 2ND TERM TOTAL (100%) | CT3: 1ST TERM TOTAL (100%) | CU3: AVERAGE SCORE | CV3: 3RD TERM C.A. (30%) | CW3: 3RD TERM EXAM (70%) | CX3: 3RD TERM TOTAL (100%) | CY3: 2ND TERM TOTAL (100%) | CZ3: 1ST TERM TOTAL (100%) | DA3: AVERAGE SCORE | DB3: 3RD TERM C.A. (30%) | DC3: 3RD TERM EXAM (70%) | DD3: 3RD TERM TOTAL (100%) | DE3: 2ND TERM TOTAL (100%) | DF3: 1ST TERM TOTAL (100%) | DG3: AVERAGE SCORE | DH3: TOTAL SCORE | DI3: POSITION | DJ3: PUNCTUALITY | DK3: NEATNESS | DL3: ATTENTIVENESS | DM3: RELATIONSHIP WITH OTHERS | DN3: POLITENESS | DO3: RESPONSIVENESS | DP3: COMMITMENT | DQ3: CONSISTENCY | DR3: ACADEMIC SESSION | DS3: TERM | DT3: CRAFTS/ DRAWING & PAINTING | DU3: TECHNICAL SKILLS | DV3: ICT SKILLS | DW3: GARDENING/ FARMING SKILLS | DX3: GAMES & SPORTS | DY3: CREATIVITY & INITIATIVE | DZ3: VERBAL FLUENCY | EA3: CLASS TUTORS COMMENT | EB3: PRINCIPAL'S COMMENT | EC3: TUTOR'S NAME | ED3: NEXT TERM BEGINS
A4: 1 | B4: ADEROGBA BLESSING A. | C4: 1800 | D4: Male | E4: JSS 2C | F4: 31 | G4: 122 | H4: 108 | I4: =G4-H4 | J4: 24 | K4: 24 | L4: =SUM(J4:K4) | M4: 23 | N4: 28 | O4: =IF(AND(L4=0,M4=0,N4=0),0,IF(AND(L4=0,M4=0),N4/1,IF(AND(L4=0,N4=0),M4/1,IF(AND(M4=0,N4=0),L4/1,IF(L4=0,FLOOR((M4+N4)/2,0.1),IF(M4=0,(L4+N4)/2,IF(N4=0,(M4+L4)/2,FLOOR(((L4+M4+N4)/3),0.1)))))))) | P4: 13 | Q4: 27 | R4: =SUM(P4:Q4) | S4: 34 | T4: 46 | U4: =IF(AND(R4=0,S4=0,T4=0),0,IF(AND(R4=0,S4=0),T4/1,IF(AND(R4=0,T4=0),S4/1,IF(AND(S4=0,T4=0),R4/1,IF(R4=0,FLOOR((S4+T4)/2,0.1),IF(S4=0,(R4+T4)/2,IF(T4=0,(S4+R4)/2,FLOOR(((R4+S4+T4)/3),0.1)))))))) | V4: 21 | W4: 12 | X4: =SUM(V4:W4) | Y4: 47 | Z4: 40 | AA4: =IF(AND(X4=0,Y4=0,Z4=0),0,IF(AND(X4=0,Y4=0),Z4/1,IF(AND(X4=0,Z4=0),Y4/1,IF(AND(Y4=0,Z4=0),X4/1,IF(X4=0,FLOOR((Y4+Z4)/2,0.1),IF(Y4=0,(X4+Z4)/2,IF(Z4=0,(Y4+X4)/2,FLOOR(((X4+Y4+Z4)/3),0.1)))))))) | AB4: 18 | AC4: 41 | AD4: =SUM(AB4:AC4) | AE4: 35 | AF4: 47 | AG4: =IF(AND(AD4=0,AE4=0,AF4=0),0,IF(AND(AD4=0,AE4=0),AF4/1,IF(AND(AD4=0,AF4=0),AE4/1,IF(AND(AE4=0,AF4=0),AD4/1,IF(AD4=0,FLOOR((AE4+AF4)/2,0.1),IF(AE4=0,(AD4+AF4)/2,IF(AF4=0,(AE4+AD4)/2,FLOOR(((AD4+AE4+AF4)/3),0.1)))))))) | AH4: 17 | AI4: 30 | AJ4: =SUM(AH4:AI4) | AK4: 43 | AL4: 34 | AM4: =IF(AND(AJ4=0,AK4=0,AL4=0),0,IF(AND(AJ4=0,AK4=0),AL4/1,IF(AND(AJ4=0,AL4=0),AK4/1,IF(AND(AK4=0,AL4=0),AJ4/1,IF(AJ4=0,FLOOR((AK4+AL4)/2,0.1),IF(AK4=0,(AJ4+AL4)/2,IF(AL4=0,(AK4+AJ4)/2,FLOOR(((AJ4+AK4+AL4)/3),0.1)))))))) | AP4: =SUM(AN4:AO4) | AS4: =IF(AND(AP4=0,AQ4=0,AR4=0),0,IF(AND(AP4=0,AQ4=0),AR4/1,IF(AND(AP4=0,AR4=0),AQ4/1,IF(AND(AQ4=0,AR4=0),AP4/1,IF(AP4=0,FLOOR((AQ4+AR4)/2,0.1),IF(AQ4=0,(AP4+AR4)/2,IF(AR4=0,(AQ4+AP4)/2,FLOOR(((AP4+AQ4+AR4)/3),0.1)))))))) | AT4: 30 | AU4: 27 | AV4: =SUM(AT4:AU4) | AW4: 37 | AX4: 49 | AY4: =IF(AND(AV4=0,AW4=0,AX4=0),0,IF(AND(AV4=0,AW4=0),AX4/1,IF(AND(AV4=0,AX4=0),AW4/1,IF(AND(AW4=0,AX4=0),AV4/1,IF(AV4=0,FLOOR((AW4+AX4)/2,0.1),IF(AW4=0,(AV4+AX4)/2,IF(AX4=0,(AW4+AV4)/2,FLOOR(((AV4+AW4+AX4)/3),0.1)))))))) | AZ4: 22 | BA4: 32 | BB4: =SUM(AZ4:BA4) | BC4: 49 | BD4: 52 | BE4: =IF(AND(BB4=0,BC4=0,BD4=0),0,IF(AND(BB4=0,BC4=0),BD4/1,IF(AND(BB4=0,BD4=0),BC4/1,IF(AND(BC4=0,BD4=0),BB4/1,IF(BB4=0,FLOOR((BC4+BD4)/2,0.1),IF(BC4=0,(BB4+BD4)/2,IF(BD4=0,(BC4+BB4)/2,FLOOR(((BB4+BC4+BD4)/3),0.1)))))))) | BF4: 17 | BG4: 40 | BH4: =SUM(BF4:BG4) | BI4: 49 | BJ4: 34 | BK4: =IF(AND(BH4=0,BI4=0,BJ4=0),0,IF(AND(BH4=0,BI4=0),BJ4/1,IF(AND(BH4=0,BJ4=0),BI4/1,IF(AND(BI4=0,BJ4=0),BH4/1,IF(BH4=0,FLOOR((BI4+BJ4)/2,0.1),IF(BI4=0,(BH4+BJ4)/2,IF(BJ4=0,(BI4+BH4)/2,FLOOR(((BH4+BI4+BJ4)/3),0.1)))))))) | BL4: 17 | BM4: 33 | BN4: =SUM(BL4:BM4) | BO4: 31 | BP4: 51 | BQ4: =IF(AND(BN4=0,BO4=0,BP4=0),0,IF(AND(BN4=0,BO4=0),BP4/1,IF(AND(BN4=0,BP4=0),BO4/1,IF(AND(BO4=0,BP4=0),BN4/1,IF(BN4=0,FLOOR((BO4+BP4)/2,0.1),IF(BO4=0,(BN4+BP4)/2,IF(BP4=0,(BO4+BN4)/2,FLOOR(((BN4+BO4+BP4)/3),0.1)))))))) | BT4: =SUM(BR4:BS4) | BW4: =IF(AND(BT4=0,BU4=0,BV4=0),0,IF(AND(BT4=0,BU4=0),BV4/1,IF(AND(BT4=0,BV4=0),BU4/1,IF(AND(BU4=0,BV4=0),BT4/1,IF(BT4=0,FLOOR((BU4+BV4)/2,0.1),IF(BU4=0,(BT4+BV4)/2,IF(BV4=0,(BU4+BT4)/2,FLOOR(((BT4+BU4+BV4)/3),0.1)))))))) | BX4: 20 | BY4: 58 | BZ4: =SUM(BX4:BY4) | CA4: 53 | CB4: 46 | CC4: =IF(AND(BZ4=0,CA4=0,CB4=0),0,IF(AND(BZ4=0,CA4=0),CB4/1,IF(AND(BZ4=0,CB4=0),CA4/1,IF(AND(CA4=0,CB4=0),BZ4/1,IF(BZ4=0,FLOOR((CA4+CB4)/2,0.1),IF(CA4=0,(BZ4+CB4)/2,IF(CB4=0,(CA4+BZ4)/2,FLOOR(((BZ4+CA4+CB4)/3),0.1)))))))) | CD4: 15 | CE4: 44 | CF4: =SUM(CD4:CE4) | CG4: 27 | CH4: 31 | CI4: =IF(AND(CF4=0,CG4=0,CH4=0),0,IF(AND(CF4=0,CG4=0),CH4/1,IF(AND(CF4=0,CH4=0),CG4/1,IF(AND(CG4=0,CH4=0),CF4/1,IF(CF4=0,FLOOR((CG4+CH4)/2,0.1),IF(CG4=0,(CF4+CH4)/2,IF(CH4=0,(CG4+CF4)/2,FLOOR(((CF4+CG4+CH4)/3),0.1)))))))) | CL4: =SUM(CJ4:CK4) | CO4: =IF(AND(CL4=0,CM4=0,CN4=0),0,IF(AND(CL4=0,CM4=0),CN4/1,IF(AND(CL4=0,CN4=0),CM4/1,IF(AND(CM4=0,CN4=0),CL4/1,IF(CL4=0,FLOOR((CM4+CN4)/2,0.1),IF(CM4=0,(CL4+CN4)/2,IF(CN4=0,(CM4+CL4)/2,FLOOR(((CL4+CM4+CN4)/3),0.1)))))))) | CR4: =SUM(CP4:CQ4) | CU4: =IF(AND(CR4=0,CS4=0,CT4=0),0,IF(AND(CR4=0,CS4=0),CT4/1,IF(AND(CR4=0,CT4=0),CS4/1,IF(AND(CS4=0,CT4=0),CR4/1,IF(CR4=0,FLOOR((CS4+CT4)/2,0.1),IF(CS4=0,(CR4+CT4)/2,IF(CT4=0,(CS4+CR4)/2,FLOOR(((CR4+CS4+CT4)/3),0.1)))))))) | CV4: 30 | CW4: 70 | CX4: =SUM(CV4:CW4) | CY4: 59 | CZ4: 56 | DA4: =IF(AND(CX4=0,CY4=0,CZ4=0),0,IF(AND(CX4=0,CY4=0),CZ4/1,IF(AND(CX4=0,CZ4=0),CY4/1,IF(AND(CY4=0,CZ4=0),CX4/1,IF(CX4=0,FLOOR((CY4+CZ4)/2,0.1),IF(CY4=0,(CX4+CZ4)/2,IF(CZ4=0,(CY4+CX4)/2,FLOOR(((CX4+CY4+CZ4)/3),0.1)))))))) | DD4: =SUM(DB4:DC4) | DG4: =IF(AND(DD4=0,DE4=0,DF4=0),0,IF(AND(DD4=0,DE4=0),DF4/1,IF(AND(DD4=0,DF4=0),DE4/1,IF(AND(DE4=0,DF4=0),DD4/1,IF(DD4=0,FLOOR((DE4+DF4)/2,0.1),IF(DE4=0,(DD4+DF4)/2,IF(DF4=0,(DE4+DD4)/2,FLOOR(((DD4+DE4+DF4)/3),0.1)))))))) | DH4: =SUM(O4,U4,AA4,AG4,AM4,AS4,AY4,BE4,BK4,BQ4,BW4,CC4,CI4,CO4,CU4,DA4,DG4) | DI4: =RANK(DH4,DH4:DH503,0) | DJ4: EXCELLENT(5) | DK4: GOOD(4) | DL4: EXCELLENT(5) | DM4: EXCELLENT(5) | DN4: GOOD(4) | DO4: GOOD(4) | DP4: GOOD(4) | DQ4: GOOD(4) | DR4: 2024/2025 | DS4: THIRD | DT4: GOOD(4) | DU4: GOOD(4) | DV4: GOOD(4) | DW4: GOOD(4) | DX4: GOOD(4) | DY4: GOOD(4) | DZ4: GOOD(4) | EA4: Shows consistent effort and improvement in academic work. | EB4: Promoted to JSS3 | EC4: MR. JIMOH WASIU OLATUNDE | ED4: Next Term Begins on Monday, 15th September, 2025
A5: 2 | B5: AFOLABI MATTHEW | C5: 1849 | D5: Male | E5: JSS 2C | F5: 31 | G5: 122 | H5: 116 | I5: =G5-H5 | J5: 18 | K5: 18 | L5: =SUM(J5:K5) | M5: 33 | N5: 30 | O5: =IF(AND(L5=0,M5=0,N5=0),0,IF(AND(L5=0,M5=0),N5/1,IF(AND(L5=0,N5=0),M5/1,IF(AND(M5=0,N5=0),L5/1,IF(L5=0,FLOOR((M5+N5)/2,0.1),IF(M5=0,(L5+N5)/2,IF(N5=0,(M5+L5)/2,FLOOR(((L5+M5+N5)/3),0.1)))))))) | P5: 13 | Q5: 26 | R5: =SUM(P5:Q5) | S5: 60 | T5: 19 | U5: =IF(AND(R5=0,S5=0,T5=0),0,IF(AND(R5=0,S5=0),T5/1,IF(AND(R5=0,T5=0),S5/1,IF(AND(S5=0,T5=0),R5/1,IF(R5=0,FLOOR((S5+T5)/2,0.1),IF(S5=0,(R5+T5)/2,IF(T5=0,(S5+R5)/2,FLOOR(((R5+S5+T5)/3),0.1)))))))) | V5: 22 | W5: 20 | X5: =SUM(V5:W5) | Y5: 51 | Z5: 46 | AA5: =IF(AND(X5=0,Y5=0,Z5=0),0,IF(AND(X5=0,Y5=0),Z5/1,IF(AND(X5=0,Z5=0),Y5/1,IF(AND(Y5=0,Z5=0),X5/1,IF(X5=0,FLOOR((Y5+Z5)/2,0.1),IF(Y5=0,(X5+Z5)/2,IF(Z5=0,(Y5+X5)/2,FLOOR(((X5+Y5+Z5)/3),0.1)))))))) | AB5: 25 | AC5: 38 | AD5: =SUM(AB5:AC5) | AE5: 61 | AF5: 62 | AG5: =IF(AND(AD5=0,AE5=0,AF5=0),0,IF(AND(AD5=0,AE5=0),AF5/1,IF(AND(AD5=0,AF5=0),AE5/1,IF(AND(AE5=0,AF5=0),AD5/1,IF(AD5=0,FLOOR((AE5+AF5)/2,0.1),IF(AE5=0,(AD5+AF5)/2,IF(AF5=0,(AE5+AD5)/2,FLOOR(((AD5+AE5+AF5)/3),0.1)))))))) | AH5: 16 | AI5: 27 | AJ5: =SUM(AH5:AI5) | AK5: 47 | AL5: 35 | AM5: =IF(AND(AJ5=0,AK5=0,AL5=0),0,IF(AND(AJ5=0,AK5=0),AL5/1,IF(AND(AJ5=0,AL5=0),AK5/1,IF(AND(AK5=0,AL5=0),AJ5/1,IF(AJ5=0,FLOOR((AK5+AL5)/2,0.1),IF(AK5=0,(AJ5+AL5)/2,IF(AL5=0,(AK5+AJ5)/2,FLOOR(((AJ5+AK5+AL5)/3),0.1)))))))) | AP5: =SUM(AN5:AO5) | AS5: =IF(AND(AP5=0,AQ5=0,AR5=0),0,IF(AND(AP5=0,AQ5=0),AR5/1,IF(AND(AP5=0,AR5=0),AQ5/1,IF(AND(AQ5=0,AR5=0),AP5/1,IF(AP5=0,FLOOR((AQ5+AR5)/2,0.1),IF(AQ5=0,(AP5+AR5)/2,IF(AR5=0,(AQ5+AP5)/2,FLOOR(((AP5+AQ5+AR5)/3),0.1)))))))) | AT5: 21 | AU5: 35 | AV5: =SUM(AT5:AU5) | AW5: 40 | AX5: 31 | AY5: =IF(AND(AV5=0,AW5=0,AX5=0),0,IF(AND(AV5=0,AW5=0),AX5/1,IF(AND(AV5=0,AX5=0),AW5/1,IF(AND(AW5=0,AX5=0),AV5/1,IF(AV5=0,FLOOR((AW5+AX5)/2,0.1),IF(AW5=0,(AV5+AX5)/2,IF(AX5=0,(AW5+AV5)/2,FLOOR(((AV5+AW5+AX5)/3),0.1)))))))) | AZ5: 22 | BA5: 30 | BB5: =SUM(AZ5:BA5) | BC5: 41 | BD5: 46 | BE5: =IF(AND(BB5=0,BC5=0,BD5=0),0,IF(AND(BB5=0,BC5=0),BD5/1,IF(AND(BB5=0,BD5=0),BC5/1,IF(AND(BC5=0,BD5=0),BB5/1,IF(BB5=0,FLOOR((BC5+BD5)/2,0.1),IF(BC5=0,(BB5+BD5)/2,IF(BD5=0,(BC5+BB5)/2,FLOOR(((BB5+BC5+BD5)/3),0.1)))))))) | BF5: 14 | BG5: 37 | BH5: =SUM(BF5:BG5) | BI5: 68 | BJ5: 28 | BK5: =IF(AND(BH5=0,BI5=0,BJ5=0),0,IF(AND(BH5=0,BI5=0),BJ5/1,IF(AND(BH5=0,BJ5=0),BI5/1,IF(AND(BI5=0,BJ5=0),BH5/1,IF(BH5=0,FLOOR((BI5+BJ5)/2,0.1),IF(BI5=0,(BH5+BJ5)/2,IF(BJ5=0,(BI5+BH5)/2,FLOOR(((BH5+BI5+BJ5)/3),0.1)))))))) | BL5: 15 | BM5: 37 | BN5: =SUM(BL5:BM5) | BO5: 27 | BP5: 54 | BQ5: =IF(AND(BN5=0,BO5=0,BP5=0),0,IF(AND(BN5=0,BO5=0),BP5/1,IF(AND(BN5=0,BP5=0),BO5/1,IF(AND(BO5=0,BP5=0),BN5/1,IF(BN5=0,FLOOR((BO5+BP5)/2,0.1),IF(BO5=0,(BN5+BP5)/2,IF(BP5=0,(BO5+BN5)/2,FLOOR(((BN5+BO5+BP5)/3),0.1)))))))) | BT5: =SUM(BR5:BS5) | BW5: =IF(AND(BT5=0,BU5=0,BV5=0),0,IF(AND(BT5=0,BU5=0),BV5/1,IF(AND(BT5=0,BV5=0),BU5/1,IF(AND(BU5=0,BV5=0),BT5/1,IF(BT5=0,FLOOR((BU5+BV5)/2,0.1),IF(BU5=0,(BT5+BV5)/2,IF(BV5=0,(BU5+BT5)/2,FLOOR(((BT5+BU5+BV5)/3),0.1)))))))) | BX5: 15 | BY5: 60 | BZ5: =SUM(BX5:BY5) | CA5: 45 | CB5: 50 | CC5: =IF(AND(BZ5=0,CA5=0,CB5=0),0,IF(AND(BZ5=0,CA5=0),CB5/1,IF(AND(BZ5=0,CB5=0),CA5/1,IF(AND(CA5=0,CB5=0),BZ5/1,IF(BZ5=0,FLOOR((CA5+CB5)/2,0.1),IF(CA5=0,(BZ5+CB5)/2,IF(CB5=0,(CA5+BZ5)/2,FLOOR(((BZ5+CA5+CB5)/3),0.1)))))))) | CD5: 15 | CE5: 47 | CF5: =SUM(CD5:CE5) | CG5: 38 | CH5: 42 | CI5: =IF(AND(CF5=0,CG5=0,CH5=0),0,IF(AND(CF5=0,CG5=0),CH5/1,IF(AND(CF5=0,CH5=0),CG5/1,IF(AND(CG5=0,CH5=0),CF5/1,IF(CF5=0,FLOOR((CG5+CH5)/2,0.1),IF(CG5=0,(CF5+CH5)/2,IF(CH5=0,(CG5+CF5)/2,FLOOR(((CF5+CG5+CH5)/3),0.1)))))))) | CL5: =SUM(CJ5:CK5) | CO5: =IF(AND(CL5=0,CM5=0,CN5=0),0,IF(AND(CL5=0,CM5=0),CN5/1,IF(AND(CL5=0,CN5=0),CM5/1,IF(AND(CM5=0,CN5=0),CL5/1,IF(CL5=0,FLOOR((CM5+CN5)/2,0.1),IF(CM5=0,(CL5+CN5)/2,IF(CN5=0,(CM5+CL5)/2,FLOOR(((CL5+CM5+CN5)/3),0.1)))))))) | CR5: =SUM(CP5:CQ5) | CU5: =IF(AND(CR5=0,CS5=0,CT5=0),0,IF(AND(CR5=0,CS5=0),CT5/1,IF(AND(CR5=0,CT5=0),CS5/1,IF(AND(CS5=0,CT5=0),CR5/1,IF(CR5=0,FLOOR((CS5+CT5)/2,0.1),IF(CS5=0,(CR5+CT5)/2,IF(CT5=0,(CS5+CR5)/2,FLOOR(((CR5+CS5+CT5)/3),0.1)))))))) | CV5: 30 | CW5: 26 | CX5: =SUM(CV5:CW5) | CY5: 47 | CZ5: 32 | DA5: =IF(AND(CX5=0,CY5=0,CZ5=0),0,IF(AND(CX5=0,CY5=0),CZ5/1,IF(AND(CX5=0,CZ5=0),CY5/1,IF(AND(CY5=0,CZ5=0),CX5/1,IF(CX5=0,FLOOR((CY5+CZ5)/2,0.1),IF(CY5=0,(CX5+CZ5)/2,IF(CZ5=0,(CY5+CX5)/2,FLOOR(((CX5+CY5+CZ5)/3),0.1)))))))) | DD5: =SUM(DB5:DC5) | DG5: =IF(AND(DD5=0,DE5=0,DF5=0),0,IF(AND(DD5=0,DE5=0),DF5/1,IF(AND(DD5=0,DF5=0),DE5/1,IF(AND(DE5=0,DF5=0),DD5/1,IF(DD5=0,FLOOR((DE5+DF5)/2,0.1),IF(DE5=0,(DD5+DF5)/2,IF(DF5=0,(DE5+DD5)/2,FLOOR(((DD5+DE5+DF5)/3),0.1)))))))) | DH5: =SUM(O5,U5,AA5,AG5,AM5,AS5,AY5,BE5,BK5,BQ5,BW5,CC5,CI5,CO5,CU5,DA5,DG5) | DI5: =RANK(DH5,DH$4:DH$503) | DJ5: EXCELLENT(5) | DK5: GOOD(4) | DL5: EXCELLENT(5) | DM5: EXCELLENT(5) | DN5: GOOD(4) | DO5: GOOD(4) | DP5: GOOD(4) | DQ5: GOOD(4) | DR5: 2024/2025 | DS5: THIRD | DT5: GOOD(4) | DU5: GOOD(4) | DV5: GOOD(4) | DW5: GOOD(4) | DX5: GOOD(4) | DY5: GOOD(4) | DZ5: GOOD(4) | EA5: Consistently well-behaved and sets a good example for peers. | EB5: Promoted to JSS3 | EC5: MR. JIMOH WASIU OLATUNDE | ED5: Next Term Begins on Monday, 15th September, 2026
A6: 3 | B6: AKEEM OPEYEMI ABIKE | C6: 1833 | D6: Female | E6: JSS 2C | F6: 31 | G6: 122 | H6: 96 | I6: =G6-H6 | J6: 30 | K6: 42 | L6: =SUM(J6:K6) | M6: 58 | N6: 59 | O6: =IF(AND(L6=0,M6=0,N6=0),0,IF(AND(L6=0,M6=0),N6/1,IF(AND(L6=0,N6=0),M6/1,IF(AND(M6=0,N6=0),L6/1,IF(L6=0,FLOOR((M6+N6)/2,0.1),IF(M6=0,(L6+N6)/2,IF(N6=0,(M6+L6)/2,FLOOR(((L6+M6+N6)/3),0.1)))))))) | P6: 22 | Q6: 44 | R6: =SUM(P6:Q6) | S6: 71 | T6: 62 | U6: =IF(AND(R6=0,S6=0,T6=0),0,IF(AND(R6=0,S6=0),T6/1,IF(AND(R6=0,T6=0),S6/1,IF(AND(S6=0,T6=0),R6/1,IF(R6=0,FLOOR((S6+T6)/2,0.1),IF(S6=0,(R6+T6)/2,IF(T6=0,(S6+R6)/2,FLOOR(((R6+S6+T6)/3),0.1)))))))) | V6: 19 | W6: 27 | X6: =SUM(V6:W6) | Y6: 49 | Z6: 48 | AA6: =IF(AND(X6=0,Y6=0,Z6=0),0,IF(AND(X6=0,Y6=0),Z6/1,IF(AND(X6=0,Z6=0),Y6/1,IF(AND(Y6=0,Z6=0),X6/1,IF(X6=0,FLOOR((Y6+Z6)/2,0.1),IF(Y6=0,(X6+Z6)/2,IF(Z6=0,(Y6+X6)/2,FLOOR(((X6+Y6+Z6)/3),0.1)))))))) | AB6: 25 | AC6: 62 | AD6: =SUM(AB6:AC6) | AE6: 56 | AF6: 72 | AG6: =IF(AND(AD6=0,AE6=0,AF6=0),0,IF(AND(AD6=0,AE6=0),AF6/1,IF(AND(AD6=0,AF6=0),AE6/1,IF(AND(AE6=0,AF6=0),AD6/1,IF(AD6=0,FLOOR((AE6+AF6)/2,0.1),IF(AE6=0,(AD6+AF6)/2,IF(AF6=0,(AE6+AD6)/2,FLOOR(((AD6+AE6+AF6)/3),0.1)))))))) | AH6: 19 | AI6: 41 | AJ6: =SUM(AH6:AI6) | AK6: 40 | AL6: 47 | AM6: =IF(AND(AJ6=0,AK6=0,AL6=0),0,IF(AND(AJ6=0,AK6=0),AL6/1,IF(AND(AJ6=0,AL6=0),AK6/1,IF(AND(AK6=0,AL6=0),AJ6/1,IF(AJ6=0,FLOOR((AK6+AL6)/2,0.1),IF(AK6=0,(AJ6+AL6)/2,IF(AL6=0,(AK6+AJ6)/2,FLOOR(((AJ6+AK6+AL6)/3),0.1)))))))) | AP6: =SUM(AN6:AO6) | AS6: =IF(AND(AP6=0,AQ6=0,AR6=0),0,IF(AND(AP6=0,AQ6=0),AR6/1,IF(AND(AP6=0,AR6=0),AQ6/1,IF(AND(AQ6=0,AR6=0),AP6/1,IF(AP6=0,FLOOR((AQ6+AR6)/2,0.1),IF(AQ6=0,(AP6+AR6)/2,IF(AR6=0,(AQ6+AP6)/2,FLOOR(((AP6+AQ6+AR6)/3),0.1)))))))) | AT6: 20 | AU6: 43 | AV6: =SUM(AT6:AU6) | AW6: 48 | AX6: 39 | AY6: =IF(AND(AV6=0,AW6=0,AX6=0),0,IF(AND(AV6=0,AW6=0),AX6/1,IF(AND(AV6=0,AX6=0),AW6/1,IF(AND(AW6=0,AX6=0),AV6/1,IF(AV6=0,FLOOR((AW6+AX6)/2,0.1),IF(AW6=0,(AV6+AX6)/2,IF(AX6=0,(AW6+AV6)/2,FLOOR(((AV6+AW6+AX6)/3),0.1)))))))) | AZ6: 24 | BA6: 51 | BB6: =SUM(AZ6:BA6) | BC6: 54 | BD6: 64 | BE6: =IF(AND(BB6=0,BC6=0,BD6=0),0,IF(AND(BB6=0,BC6=0),BD6/1,IF(AND(BB6=0,BD6=0),BC6/1,IF(AND(BC6=0,BD6=0),BB6/1,IF(BB6=0,FLOOR((BC6+BD6)/2,0.1),IF(BC6=0,(BB6+BD6)/2,IF(BD6=0,(BC6+BB6)/2,FLOOR(((BB6+BC6+BD6)/3),0.1)))))))) | BF6: 15 | BG6: 54 | BH6: =SUM(BF6:BG6) | BI6: 63 | BJ6: 38 | BK6: =IF(AND(BH6=0,BI6=0,BJ6=0),0,IF(AND(BH6=0,BI6=0),BJ6/1,IF(AND(BH6=0,BJ6=0),BI6/1,IF(AND(BI6=0,BJ6=0),BH6/1,IF(BH6=0,FLOOR((BI6+BJ6)/2,0.1),IF(BI6=0,(BH6+BJ6)/2,IF(BJ6=0,(BI6+BH6)/2,FLOOR(((BH6+BI6+BJ6)/3),0.1)))))))) | BL6: 18 | BM6: 33 | BN6: =SUM(BL6:BM6) | BO6: 31 | BP6: 44 | BQ6: =IF(AND(BN6=0,BO6=0,BP6=0),0,IF(AND(BN6=0,BO6=0),BP6/1,IF(AND(BN6=0,BP6=0),BO6/1,IF(AND(BO6=0,BP6=0),BN6/1,IF(BN6=0,FLOOR((BO6+BP6)/2,0.1),IF(BO6=0,(BN6+BP6)/2,IF(BP6=0,(BO6+BN6)/2,FLOOR(((BN6+BO6+BP6)/3),0.1)))))))) | BT6: =SUM(BR6:BS6) | BW6: =IF(AND(BT6=0,BU6=0,BV6=0),0,IF(AND(BT6=0,BU6=0),BV6/1,IF(AND(BT6=0,BV6=0),BU6/1,IF(AND(BU6=0,BV6=0),BT6/1,IF(BT6=0,FLOOR((BU6+BV6)/2,0.1),IF(BU6=0,(BT6+BV6)/2,IF(BV6=0,(BU6+BT6)/2,FLOOR(((BT6+BU6+BV6)/3),0.1)))))))) | BX6: 21 | BY6: 49 | BZ6: =SUM(BX6:BY6) | CA6: 63 | CB6: 74 | CC6: =IF(AND(BZ6=0,CA6=0,CB6=0),0,IF(AND(BZ6=0,CA6=0),CB6/1,IF(AND(BZ6=0,CB6=0),CA6/1,IF(AND(CA6=0,CB6=0),BZ6/1,IF(BZ6=0,FLOOR((CA6+CB6)/2,0.1),IF(CA6=0,(BZ6+CB6)/2,IF(CB6=0,(CA6+BZ6)/2,FLOOR(((BZ6+CA6+CB6)/3),0.1)))))))) | CD6: 15 | CE6: 46 | CF6: =SUM(CD6:CE6) | CG6: 25 | CH6: 44 | CI6: =IF(AND(CF6=0,CG6=0,CH6=0),0,IF(AND(CF6=0,CG6=0),CH6/1,IF(AND(CF6=0,CH6=0),CG6/1,IF(AND(CG6=0,CH6=0),CF6/1,IF(CF6=0,FLOOR((CG6+CH6)/2,0.1),IF(CG6=0,(CF6+CH6)/2,IF(CH6=0,(CG6+CF6)/2,FLOOR(((CF6+CG6+CH6)/3),0.1)))))))) | CL6: =SUM(CJ6:CK6) | CO6: =IF(AND(CL6=0,CM6=0,CN6=0),0,IF(AND(CL6=0,CM6=0),CN6/1,IF(AND(CL6=0,CN6=0),CM6/1,IF(AND(CM6=0,CN6=0),CL6/1,IF(CL6=0,FLOOR((CM6+CN6)/2,0.1),IF(CM6=0,(CL6+CN6)/2,IF(CN6=0,(CM6+CL6)/2,FLOOR(((CL6+CM6+CN6)/3),0.1)))))))) | CR6: =SUM(CP6:CQ6) | CU6: =IF(AND(CR6=0,CS6=0,CT6=0),0,IF(AND(CR6=0,CS6=0),CT6/1,IF(AND(CR6=0,CT6=0),CS6/1,IF(AND(CS6=0,CT6=0),CR6/1,IF(CR6=0,FLOOR((CS6+CT6)/2,0.1),IF(CS6=0,(CR6+CT6)/2,IF(CT6=0,(CS6+CR6)/2,FLOOR(((CR6+CS6+CT6)/3),0.1)))))))) | CV6: 30 | CW6: 43 | CX6: =SUM(CV6:CW6) | CY6: 23 | CZ6: 30 | DA6: =IF(AND(CX6=0,CY6=0,CZ6=0),0,IF(AND(CX6=0,CY6=0),CZ6/1,IF(AND(CX6=0,CZ6=0),CY6/1,IF(AND(CY6=0,CZ6=0),CX6/1,IF(CX6=0,FLOOR((CY6+CZ6)/2,0.1),IF(CY6=0,(CX6+CZ6)/2,IF(CZ6=0,(CY6+CX6)/2,FLOOR(((CX6+CY6+CZ6)/3),0.1)))))))) | DD6: =SUM(DB6:DC6) | DG6: =IF(AND(DD6=0,DE6=0,DF6=0),0,IF(AND(DD6=0,DE6=0),DF6/1,IF(AND(DD6=0,DF6=0),DE6/1,IF(AND(DE6=0,DF6=0),DD6/1,IF(DD6=0,FLOOR((DE6+DF6)/2,0.1),IF(DE6=0,(DD6+DF6)/2,IF(DF6=0,(DE6+DD6)/2,FLOOR(((DD6+DE6+DF6)/3),0.1)))))))) | DH6: =SUM(O6,U6,AA6,AG6,AM6,AS6,AY6,BE6,BK6,BQ6,BW6,CC6,CI6,CO6,CU6,DA6,DG6) | DI6: =RANK(DH6,DH$4:DH$503) | DJ6: GOOD(4) | DK6: GOOD(4) | DL6: EXCELLENT(5) | DM6: EXCELLENT(5) | DN6: GOOD(4) | DO6: GOOD(4) | DP6: GOOD(4) | DQ6: GOOD(4) | DR6: 2024/2025 | DS6: THIRD | DT6: GOOD(4) | DU6: GOOD(4) | DV6: GOOD(4) | DW6: GOOD(4) | DX6: GOOD(4) | DY6: GOOD(4) | DZ6: GOOD(4) | EA6: Is a quiet student but attentive and engaged. | EB6: Promoted to JSS3 | EC6: MR. JIMOH WASIU OLATUNDE | ED6: Next Term Begins on Monday, 15th September, 2027
A7: 4 | B7: ALABI ELIZABETH D. | C7: 1851 | D7: Female | E7: JSS 2C | F7: 31 | G7: 122 | H7: 96 | I7: =G7-H7 | J7: 27 | K7: 29 | L7: =SUM(J7:K7) | M7: 39 | N7: 31 | O7: =IF(AND(L7=0,M7=0,N7=0),0,IF(AND(L7=0,M7=0),N7/1,IF(AND(L7=0,N7=0),M7/1,IF(AND(M7=0,N7=0),L7/1,IF(L7=0,FLOOR((M7+N7)/2,0.1),IF(M7=0,(L7+N7)/2,IF(N7=0,(M7+L7)/2,FLOOR(((L7+M7+N7)/3),0.1)))))))) | P7: 23 | Q7: 45 | R7: =SUM(P7:Q7) | S7: 74 | T7: 62 | U7: =IF(AND(R7=0,S7=0,T7=0),0,IF(AND(R7=0,S7=0),T7/1,IF(AND(R7=0,T7=0),S7/1,IF(AND(S7=0,T7=0),R7/1,IF(R7=0,FLOOR((S7+T7)/2,0.1),IF(S7=0,(R7+T7)/2,IF(T7=0,(S7+R7)/2,FLOOR(((R7+S7+T7)/3),0.1)))))))) | V7: 25 | W7: 16 | X7: =SUM(V7:W7) | Y7: 49 | Z7: 45 | AA7: =IF(AND(X7=0,Y7=0,Z7=0),0,IF(AND(X7=0,Y7=0),Z7/1,IF(AND(X7=0,Z7=0),Y7/1,IF(AND(Y7=0,Z7=0),X7/1,IF(X7=0,FLOOR((Y7+Z7)/2,0.1),IF(Y7=0,(X7+Z7)/2,IF(Z7=0,(Y7+X7)/2,FLOOR(((X7+Y7+Z7)/3),0.1)))))))) | AB7: 25 | AC7: 59 | AD7: =SUM(AB7:AC7) | AE7: 86 | AF7: 85 | AG7: =IF(AND(AD7=0,AE7=0,AF7=0),0,IF(AND(AD7=0,AE7=0),AF7/1,IF(AND(AD7=0,AF7=0),AE7/1,IF(AND(AE7=0,AF7=0),AD7/1,IF(AD7=0,FLOOR((AE7+AF7)/2,0.1),IF(AE7=0,(AD7+AF7)/2,IF(AF7=0,(AE7+AD7)/2,FLOOR(((AD7+AE7+AF7)/3),0.1)))))))) | AH7: 18 | AI7: 42 | AJ7: =SUM(AH7:AI7) | AK7: 54 | AL7: 47 | AM7: =IF(AND(AJ7=0,AK7=0,AL7=0),0,IF(AND(AJ7=0,AK7=0),AL7/1,IF(AND(AJ7=0,AL7=0),AK7/1,IF(AND(AK7=0,AL7=0),AJ7/1,IF(AJ7=0,FLOOR((AK7+AL7)/2,0.1),IF(AK7=0,(AJ7+AL7)/2,IF(AL7=0,(AK7+AJ7)/2,FLOOR(((AJ7+AK7+AL7)/3),0.1)))))))) | AP7: =SUM(AN7:AO7) | AS7: =IF(AND(AP7=0,AQ7=0,AR7=0),0,IF(AND(AP7=0,AQ7=0),AR7/1,IF(AND(AP7=0,AR7=0),AQ7/1,IF(AND(AQ7=0,AR7=0),AP7/1,IF(AP7=0,FLOOR((AQ7+AR7)/2,0.1),IF(AQ7=0,(AP7+AR7)/2,IF(AR7=0,(AQ7+AP7)/2,FLOOR(((AP7+AQ7+AR7)/3),0.1)))))))) | AT7: 30 | AU7: 30 | AV7: =SUM(AT7:AU7) | AW7: 46 | AX7: 63 | AY7: =IF(AND(AV7=0,AW7=0,AX7=0),0,IF(AND(AV7=0,AW7=0),AX7/1,IF(AND(AV7=0,AX7=0),AW7/1,IF(AND(AW7=0,AX7=0),AV7/1,IF(AV7=0,FLOOR((AW7+AX7)/2,0.1),IF(AW7=0,(AV7+AX7)/2,IF(AX7=0,(AW7+AV7)/2,FLOOR(((AV7+AW7+AX7)/3),0.1)))))))) | AZ7: 23 | BA7: 53 | BB7: =SUM(AZ7:BA7) | BC7: 67 | BD7: 72 | BE7: =IF(AND(BB7=0,BC7=0,BD7=0),0,IF(AND(BB7=0,BC7=0),BD7/1,IF(AND(BB7=0,BD7=0),BC7/1,IF(AND(BC7=0,BD7=0),BB7/1,IF(BB7=0,FLOOR((BC7+BD7)/2,0.1),IF(BC7=0,(BB7+BD7)/2,IF(BD7=0,(BC7+BB7)/2,FLOOR(((BB7+BC7+BD7)/3),0.1)))))))) | BF7: 15 | BG7: 38 | BH7: =SUM(BF7:BG7) | BI7: 53 | BJ7: 34 | BK7: =IF(AND(BH7=0,BI7=0,BJ7=0),0,IF(AND(BH7=0,BI7=0),BJ7/1,IF(AND(BH7=0,BJ7=0),BI7/1,IF(AND(BI7=0,BJ7=0),BH7/1,IF(BH7=0,FLOOR((BI7+BJ7)/2,0.1),IF(BI7=0,(BH7+BJ7)/2,IF(BJ7=0,(BI7+BH7)/2,FLOOR(((BH7+BI7+BJ7)/3),0.1)))))))) | BL7: 19 | BM7: 31 | BN7: =SUM(BL7:BM7) | BO7: 32 | BP7: 51 | BQ7: =IF(AND(BN7=0,BO7=0,BP7=0),0,IF(AND(BN7=0,BO7=0),BP7/1,IF(AND(BN7=0,BP7=0),BO7/1,IF(AND(BO7=0,BP7=0),BN7/1,IF(BN7=0,FLOOR((BO7+BP7)/2,0.1),IF(BO7=0,(BN7+BP7)/2,IF(BP7=0,(BO7+BN7)/2,FLOOR(((BN7+BO7+BP7)/3),0.1)))))))) | BT7: =SUM(BR7:BS7) | BW7: =IF(AND(BT7=0,BU7=0,BV7=0),0,IF(AND(BT7=0,BU7=0),BV7/1,IF(AND(BT7=0,BV7=0),BU7/1,IF(AND(BU7=0,BV7=0),BT7/1,IF(BT7=0,FLOOR((BU7+BV7)/2,0.1),IF(BU7=0,(BT7+BV7)/2,IF(BV7=0,(BU7+BT7)/2,FLOOR(((BT7+BU7+BV7)/3),0.1)))))))) | BX7: 23 | BY7: 63 | BZ7: =SUM(BX7:BY7) | CA7: 57 | CB7: 54 | CC7: =IF(AND(BZ7=0,CA7=0,CB7=0),0,IF(AND(BZ7=0,CA7=0),CB7/1,IF(AND(BZ7=0,CB7=0),CA7/1,IF(AND(CA7=0,CB7=0),BZ7/1,IF(BZ7=0,FLOOR((CA7+CB7)/2,0.1),IF(CA7=0,(BZ7+CB7)/2,IF(CB7=0,(CA7+BZ7)/2,FLOOR(((BZ7+CA7+CB7)/3),0.1)))))))) | CD7: 16 | CE7: 51 | CF7: =SUM(CD7:CE7) | CG7: 22 | CH7: 40 | CI7: =IF(AND(CF7=0,CG7=0,CH7=0),0,IF(AND(CF7=0,CG7=0),CH7/1,IF(AND(CF7=0,CH7=0),CG7/1,IF(AND(CG7=0,CH7=0),CF7/1,IF(CF7=0,FLOOR((CG7+CH7)/2,0.1),IF(CG7=0,(CF7+CH7)/2,IF(CH7=0,(CG7+CF7)/2,FLOOR(((CF7+CG7+CH7)/3),0.1)))))))) | CL7: =SUM(CJ7:CK7) | CO7: =IF(AND(CL7=0,CM7=0,CN7=0),0,IF(AND(CL7=0,CM7=0),CN7/1,IF(AND(CL7=0,CN7=0),CM7/1,IF(AND(CM7=0,CN7=0),CL7/1,IF(CL7=0,FLOOR((CM7+CN7)/2,0.1),IF(CM7=0,(CL7+CN7)/2,IF(CN7=0,(CM7+CL7)/2,FLOOR(((CL7+CM7+CN7)/3),0.1)))))))) | CR7: =SUM(CP7:CQ7) | CU7: =IF(AND(CR7=0,CS7=0,CT7=0),0,IF(AND(CR7=0,CS7=0),CT7/1,IF(AND(CR7=0,CT7=0),CS7/1,IF(AND(CS7=0,CT7=0),CR7/1,IF(CR7=0,FLOOR((CS7+CT7)/2,0.1),IF(CS7=0,(CR7+CT7)/2,IF(CT7=0,(CS7+CR7)/2,FLOOR(((CR7+CS7+CT7)/3),0.1)))))))) | CV7: 30 | CW7: 26 | CX7: =SUM(CV7:CW7) | CY7: 59 | CZ7: 56 | DA7: =IF(AND(CX7=0,CY7=0,CZ7=0),0,IF(AND(CX7=0,CY7=0),CZ7/1,IF(AND(CX7=0,CZ7=0),CY7/1,IF(AND(CY7=0,CZ7=0),CX7/1,IF(CX7=0,FLOOR((CY7+CZ7)/2,0.1),IF(CY7=0,(CX7+CZ7)/2,IF(CZ7=0,(CY7+CX7)/2,FLOOR(((CX7+CY7+CZ7)/3),0.1)))))))) | DD7: =SUM(DB7:DC7) | DG7: =IF(AND(DD7=0,DE7=0,DF7=0),0,IF(AND(DD7=0,DE7=0),DF7/1,IF(AND(DD7=0,DF7=0),DE7/1,IF(AND(DE7=0,DF7=0),DD7/1,IF(DD7=0,FLOOR((DE7+DF7)/2,0.1),IF(DE7=0,(DD7+DF7)/2,IF(DF7=0,(DE7+DD7)/2,FLOOR(((DD7+DE7+DF7)/3),0.1)))))))) | DH7: =SUM(O7,U7,AA7,AG7,AM7,AS7,AY7,BE7,BK7,BQ7,BW7,CC7,CI7,CO7,CU7,DA7,DG7) | DI7: =RANK(DH7,DH$4:DH$503) | DJ7: GOOD(4) | DK7: GOOD(4) | DL7: EXCELLENT(5) | DM7: EXCELLENT(5) | DN7: GOOD(4) | DO7: GOOD(4) | DP7: GOOD(4) | DQ7: GOOD(4) | DR7: 2024/2025 | DS7: THIRD | DT7: GOOD(4) | DU7: GOOD(4) | DV7: GOOD(4) | DW7: GOOD(4) | DX7: GOOD(4) | DY7: GOOD(4) | DZ7: GOOD(4) | EA7: She is developing greater self-confidence and resilience. | EB7: Promoted to JSS3 | EC7: MR. JIMOH WASIU OLATUNDE | ED7: Next Term Begins on Monday, 15th September, 2028
A8: 5 | B8: ALABI FATIMO | C8: 1845 | D8: Female | E8: JSS 2C | F8: 31 | G8: 122 | H8: 98 | I8: =G8-H8 | J8: 16 | K8: 16 | L8: =SUM(J8:K8) | M8: 16 | N8: 31 | O8: =IF(AND(L8=0,M8=0,N8=0),0,IF(AND(L8=0,M8=0),N8/1,IF(AND(L8=0,N8=0),M8/1,IF(AND(M8=0,N8=0),L8/1,IF(L8=0,FLOOR((M8+N8)/2,0.1),IF(M8=0,(L8+N8)/2,IF(N8=0,(M8+L8)/2,FLOOR(((L8+M8+N8)/3),0.1)))))))) | P8: 11 | Q8: 23 | R8: =SUM(P8:Q8) | S8: 8 | T8: 60 | U8: =IF(AND(R8=0,S8=0,T8=0),0,IF(AND(R8=0,S8=0),T8/1,IF(AND(R8=0,T8=0),S8/1,IF(AND(S8=0,T8=0),R8/1,IF(R8=0,FLOOR((S8+T8)/2,0.1),IF(S8=0,(R8+T8)/2,IF(T8=0,(S8+R8)/2,FLOOR(((R8+S8+T8)/3),0.1)))))))) | V8: 25 | W8: 14 | X8: =SUM(V8:W8) | Y8: 52 | Z8: 46 | AA8: =IF(AND(X8=0,Y8=0,Z8=0),0,IF(AND(X8=0,Y8=0),Z8/1,IF(AND(X8=0,Z8=0),Y8/1,IF(AND(Y8=0,Z8=0),X8/1,IF(X8=0,FLOOR((Y8+Z8)/2,0.1),IF(Y8=0,(X8+Z8)/2,IF(Z8=0,(Y8+X8)/2,FLOOR(((X8+Y8+Z8)/3),0.1)))))))) | AB8: 25 | AC8: 32 | AD8: =SUM(AB8:AC8) | AE8: 74 | AF8: 66 | AG8: =IF(AND(AD8=0,AE8=0,AF8=0),0,IF(AND(AD8=0,AE8=0),AF8/1,IF(AND(AD8=0,AF8=0),AE8/1,IF(AND(AE8=0,AF8=0),AD8/1,IF(AD8=0,FLOOR((AE8+AF8)/2,0.1),IF(AE8=0,(AD8+AF8)/2,IF(AF8=0,(AE8+AD8)/2,FLOOR(((AD8+AE8+AF8)/3),0.1)))))))) | AH8: 23 | AI8: 46 | AJ8: =SUM(AH8:AI8) | AK8: 78 | AL8: 60 | AM8: =IF(AND(AJ8=0,AK8=0,AL8=0),0,IF(AND(AJ8=0,AK8=0),AL8/1,IF(AND(AJ8=0,AL8=0),AK8/1,IF(AND(AK8=0,AL8=0),AJ8/1,IF(AJ8=0,FLOOR((AK8+AL8)/2,0.1),IF(AK8=0,(AJ8+AL8)/2,IF(AL8=0,(AK8+AJ8)/2,FLOOR(((AJ8+AK8+AL8)/3),0.1)))))))) | AP8: =SUM(AN8:AO8) | AS8: =IF(AND(AP8=0,AQ8=0,AR8=0),0,IF(AND(AP8=0,AQ8=0),AR8/1,IF(AND(AP8=0,AR8=0),AQ8/1,IF(AND(AQ8=0,AR8=0),AP8/1,IF(AP8=0,FLOOR((AQ8+AR8)/2,0.1),IF(AQ8=0,(AP8+AR8)/2,IF(AR8=0,(AQ8+AP8)/2,FLOOR(((AP8+AQ8+AR8)/3),0.1)))))))) | AT8: 30 | AU8: 34 | AV8: =SUM(AT8:AU8) | AW8: 40 | AX8: 61 | AY8: =IF(AND(AV8=0,AW8=0,AX8=0),0,IF(AND(AV8=0,AW8=0),AX8/1,IF(AND(AV8=0,AX8=0),AW8/1,IF(AND(AW8=0,AX8=0),AV8/1,IF(AV8=0,FLOOR((AW8+AX8)/2,0.1),IF(AW8=0,(AV8+AX8)/2,IF(AX8=0,(AW8+AV8)/2,FLOOR(((AV8+AW8+AX8)/3),0.1)))))))) | AZ8: 22 | BA8: 32 | BB8: =SUM(AZ8:BA8) | BC8: 64 | BD8: 59 | BE8: =IF(AND(BB8=0,BC8=0,BD8=0),0,IF(AND(BB8=0,BC8=0),BD8/1,IF(AND(BB8=0,BD8=0),BC8/1,IF(AND(BC8=0,BD8=0),BB8/1,IF(BB8=0,FLOOR((BC8+BD8)/2,0.1),IF(BC8=0,(BB8+BD8)/2,IF(BD8=0,(BC8+BB8)/2,FLOOR(((BB8+BC8+BD8)/3),0.1)))))))) | BF8: 13 | BG8: 48 | BH8: =SUM(BF8:BG8) | BI8: 50 | BJ8: 30 | BK8: =IF(AND(BH8=0,BI8=0,BJ8=0),0,IF(AND(BH8=0,BI8=0),BJ8/1,IF(AND(BH8=0,BJ8=0),BI8/1,IF(AND(BI8=0,BJ8=0),BH8/1,IF(BH8=0,FLOOR((BI8+BJ8)/2,0.1),IF(BI8=0,(BH8+BJ8)/2,IF(BJ8=0,(BI8+BH8)/2,FLOOR(((BH8+BI8+BJ8)/3),0.1)))))))) | BL8: 15 | BM8: 37 | BN8: =SUM(BL8:BM8) | BO8: 35 | BP8: 37 | BQ8: =IF(AND(BN8=0,BO8=0,BP8=0),0,IF(AND(BN8=0,BO8=0),BP8/1,IF(AND(BN8=0,BP8=0),BO8/1,IF(AND(BO8=0,BP8=0),BN8/1,IF(BN8=0,FLOOR((BO8+BP8)/2,0.1),IF(BO8=0,(BN8+BP8)/2,IF(BP8=0,(BO8+BN8)/2,FLOOR(((BN8+BO8+BP8)/3),0.1)))))))) | BT8: =SUM(BR8:BS8) | BW8: =IF(AND(BT8=0,BU8=0,BV8=0),0,IF(AND(BT8=0,BU8=0),BV8/1,IF(AND(BT8=0,BV8=0),BU8/1,IF(AND(BU8=0,BV8=0),BT8/1,IF(BT8=0,FLOOR((BU8+BV8)/2,0.1),IF(BU8=0,(BT8+BV8)/2,IF(BV8=0,(BU8+BT8)/2,FLOOR(((BT8+BU8+BV8)/3),0.1)))))))) | BX8: 21 | BY8: 70 | BZ8: =SUM(BX8:BY8) | CA8: 50 | CB8: 39 | CC8: =IF(AND(BZ8=0,CA8=0,CB8=0),0,IF(AND(BZ8=0,CA8=0),CB8/1,IF(AND(BZ8=0,CB8=0),CA8/1,IF(AND(CA8=0,CB8=0),BZ8/1,IF(BZ8=0,FLOOR((CA8+CB8)/2,0.1),IF(CA8=0,(BZ8+CB8)/2,IF(CB8=0,(CA8+BZ8)/2,FLOOR(((BZ8+CA8+CB8)/3),0.1)))))))) | CD8: 15 | CE8: 44 | CF8: =SUM(CD8:CE8) | CG8: 22 | CH8: 38 | CI8: =IF(AND(CF8=0,CG8=0,CH8=0),0,IF(AND(CF8=0,CG8=0),CH8/1,IF(AND(CF8=0,CH8=0),CG8/1,IF(AND(CG8=0,CH8=0),CF8/1,IF(CF8=0,FLOOR((CG8+CH8)/2,0.1),IF(CG8=0,(CF8+CH8)/2,IF(CH8=0,(CG8+CF8)/2,FLOOR(((CF8+CG8+CH8)/3),0.1)))))))) | CL8: =SUM(CJ8:CK8) | CO8: =IF(AND(CL8=0,CM8=0,CN8=0),0,IF(AND(CL8=0,CM8=0),CN8/1,IF(AND(CL8=0,CN8=0),CM8/1,IF(AND(CM8=0,CN8=0),CL8/1,IF(CL8=0,FLOOR((CM8+CN8)/2,0.1),IF(CM8=0,(CL8+CN8)/2,IF(CN8=0,(CM8+CL8)/2,FLOOR(((CL8+CM8+CN8)/3),0.1)))))))) | CR8: =SUM(CP8:CQ8) | CU8: =IF(AND(CR8=0,CS8=0,CT8=0),0,IF(AND(CR8=0,CS8=0),CT8/1,IF(AND(CR8=0,CT8=0),CS8/1,IF(AND(CS8=0,CT8=0),CR8/1,IF(CR8=0,FLOOR((CS8+CT8)/2,0.1),IF(CS8=0,(CR8+CT8)/2,IF(CT8=0,(CS8+CR8)/2,FLOOR(((CR8+CS8+CT8)/3),0.1)))))))) | CV8: 10 | CW8: 22 | CX8: =SUM(CV8:CW8) | CY8: 42 | CZ8: 37 | DA8: =IF(AND(CX8=0,CY8=0,CZ8=0),0,IF(AND(CX8=0,CY8=0),CZ8/1,IF(AND(CX8=0,CZ8=0),CY8/1,IF(AND(CY8=0,CZ8=0),CX8/1,IF(CX8=0,FLOOR((CY8+CZ8)/2,0.1),IF(CY8=0,(CX8+CZ8)/2,IF(CZ8=0,(CY8+CX8)/2,FLOOR(((CX8+CY8+CZ8)/3),0.1)))))))) | DD8: =SUM(DB8:DC8) | DG8: =IF(AND(DD8=0,DE8=0,DF8=0),0,IF(AND(DD8=0,DE8=0),DF8/1,IF(AND(DD8=0,DF8=0),DE8/1,IF(AND(DE8=0,DF8=0),DD8/1,IF(DD8=0,FLOOR((DE8+DF8)/2,0.1),IF(DE8=0,(DD8+DF8)/2,IF(DF8=0,(DE8+DD8)/2,FLOOR(((DD8+DE8+DF8)/3),0.1)))))))) | DH8: =SUM(O8,U8,AA8,AG8,AM8,AS8,AY8,BE8,BK8,BQ8,BW8,CC8,CI8,CO8,CU8,DA8,DG8) | DI8: =RANK(DH8,DH$4:DH$503) | DJ8: GOOD(4) | DK8: GOOD(4) | DL8: GOOD(4) | DM8: EXCELLENT(5) | DN8: GOOD(4) | DO8: GOOD(4) | DP8: GOOD(4) | DQ8: GOOD(4) | DR8: 2024/2025 | DS8: THIRD | DT8: GOOD(4) | DU8: GOOD(4) | DV8: GOOD(4) | DW8: GOOD(4) | DX8: GOOD(4) | DY8: GOOD(4) | DZ8: GOOD(4) | EA8: Requires additional support in understanding key concepts. | EB8: Promoted to JSS3 | EC8: MR. JIMOH WASIU OLATUNDE | ED8: Next Term Begins on Monday, 15th September, 2029
A9: 6 | B9: ALABI OJEDAYO A. | C9: 1847 | D9: Male | E9: JSS 2C | F9: 31 | G9: 122 | H9: 110 | I9: =G9-H9 | J9: 30 | K9: 42 | L9: =SUM(J9:K9) | M9: 22 | N9: 35 | O9: =IF(AND(L9=0,M9=0,N9=0),0,IF(AND(L9=0,M9=0),N9/1,IF(AND(L9=0,N9=0),M9/1,IF(AND(M9=0,N9=0),L9/1,IF(L9=0,FLOOR((M9+N9)/2,0.1),IF(M9=0,(L9+N9)/2,IF(N9=0,(M9+L9)/2,FLOOR(((L9+M9+N9)/3),0.1)))))))) | P9: 16 | Q9: 33 | R9: =SUM(P9:Q9) | S9: 54 | T9: 45 | U9: =IF(AND(R9=0,S9=0,T9=0),0,IF(AND(R9=0,S9=0),T9/1,IF(AND(R9=0,T9=0),S9/1,IF(AND(S9=0,T9=0),R9/1,IF(R9=0,FLOOR((S9+T9)/2,0.1),IF(S9=0,(R9+T9)/2,IF(T9=0,(S9+R9)/2,FLOOR(((R9+S9+T9)/3),0.1)))))))) | V9: 25 | W9: 20 | X9: =SUM(V9:W9) | Y9: 52 | Z9: 48 | AA9: =IF(AND(X9=0,Y9=0,Z9=0),0,IF(AND(X9=0,Y9=0),Z9/1,IF(AND(X9=0,Z9=0),Y9/1,IF(AND(Y9=0,Z9=0),X9/1,IF(X9=0,FLOOR((Y9+Z9)/2,0.1),IF(Y9=0,(X9+Z9)/2,IF(Z9=0,(Y9+X9)/2,FLOOR(((X9+Y9+Z9)/3),0.1)))))))) | AB9: 17 | AC9: 35 | AD9: =SUM(AB9:AC9) | AE9: 58 | AF9: 53 | AG9: =IF(AND(AD9=0,AE9=0,AF9=0),0,IF(AND(AD9=0,AE9=0),AF9/1,IF(AND(AD9=0,AF9=0),AE9/1,IF(AND(AE9=0,AF9=0),AD9/1,IF(AD9=0,FLOOR((AE9+AF9)/2,0.1),IF(AE9=0,(AD9+AF9)/2,IF(AF9=0,(AE9+AD9)/2,FLOOR(((AD9+AE9+AF9)/3),0.1)))))))) | AH9: 17 | AI9: 29 | AJ9: =SUM(AH9:AI9) | AK9: 54 | AL9: 40 | AM9: =IF(AND(AJ9=0,AK9=0,AL9=0),0,IF(AND(AJ9=0,AK9=0),AL9/1,IF(AND(AJ9=0,AL9=0),AK9/1,IF(AND(AK9=0,AL9=0),AJ9/1,IF(AJ9=0,FLOOR((AK9+AL9)/2,0.1),IF(AK9=0,(AJ9+AL9)/2,IF(AL9=0,(AK9+AJ9)/2,FLOOR(((AJ9+AK9+AL9)/3),0.1)))))))) | AP9: =SUM(AN9:AO9) | AS9: =IF(AND(AP9=0,AQ9=0,AR9=0),0,IF(AND(AP9=0,AQ9=0),AR9/1,IF(AND(AP9=0,AR9=0),AQ9/1,IF(AND(AQ9=0,AR9=0),AP9/1,IF(AP9=0,FLOOR((AQ9+AR9)/2,0.1),IF(AQ9=0,(AP9+AR9)/2,IF(AR9=0,(AQ9+AP9)/2,FLOOR(((AP9+AQ9+AR9)/3),0.1)))))))) | AT9: 23 | AU9: 33 | AV9: =SUM(AT9:AU9) | AW9: 38 | AX9: 39 | AY9: =IF(AND(AV9=0,AW9=0,AX9=0),0,IF(AND(AV9=0,AW9=0),AX9/1,IF(AND(AV9=0,AX9=0),AW9/1,IF(AND(AW9=0,AX9=0),AV9/1,IF(AV9=0,FLOOR((AW9+AX9)/2,0.1),IF(AW9=0,(AV9+AX9)/2,IF(AX9=0,(AW9+AV9)/2,FLOOR(((AV9+AW9+AX9)/3),0.1)))))))) | AZ9: 17 | BA9: 33 | BB9: =SUM(AZ9:BA9) | BC9: 45 | BD9: 48 | BE9: =IF(AND(BB9=0,BC9=0,BD9=0),0,IF(AND(BB9=0,BC9=0),BD9/1,IF(AND(BB9=0,BD9=0),BC9/1,IF(AND(BC9=0,BD9=0),BB9/1,IF(BB9=0,FLOOR((BC9+BD9)/2,0.1),IF(BC9=0,(BB9+BD9)/2,IF(BD9=0,(BC9+BB9)/2,FLOOR(((BB9+BC9+BD9)/3),0.1)))))))) | BF9: 16 | BG9: 35 | BH9: =SUM(BF9:BG9) | BI9: 48 | BJ9: 37 | BK9: =IF(AND(BH9=0,BI9=0,BJ9=0),0,IF(AND(BH9=0,BI9=0),BJ9/1,IF(AND(BH9=0,BJ9=0),BI9/1,IF(AND(BI9=0,BJ9=0),BH9/1,IF(BH9=0,FLOOR((BI9+BJ9)/2,0.1),IF(BI9=0,(BH9+BJ9)/2,IF(BJ9=0,(BI9+BH9)/2,FLOOR(((BH9+BI9+BJ9)/3),0.1)))))))) | BL9: 23 | BM9: 35 | BN9: =SUM(BL9:BM9) | BO9: 47 | BP9: 57 | BQ9: =IF(AND(BN9=0,BO9=0,BP9=0),0,IF(AND(BN9=0,BO9=0),BP9/1,IF(AND(BN9=0,BP9=0),BO9/1,IF(AND(BO9=0,BP9=0),BN9/1,IF(BN9=0,FLOOR((BO9+BP9)/2,0.1),IF(BO9=0,(BN9+BP9)/2,IF(BP9=0,(BO9+BN9)/2,FLOOR(((BN9+BO9+BP9)/3),0.1)))))))) | BT9: =SUM(BR9:BS9) | BW9: =IF(AND(BT9=0,BU9=0,BV9=0),0,IF(AND(BT9=0,BU9=0),BV9/1,IF(AND(BT9=0,BV9=0),BU9/1,IF(AND(BU9=0,BV9=0),BT9/1,IF(BT9=0,FLOOR((BU9+BV9)/2,0.1),IF(BU9=0,(BT9+BV9)/2,IF(BV9=0,(BU9+BT9)/2,FLOOR(((BT9+BU9+BV9)/3),0.1)))))))) | BX9: 23 | BY9: 59 | BZ9: =SUM(BX9:BY9) | CA9: 47 | CB9: 42 | CC9: =IF(AND(BZ9=0,CA9=0,CB9=0),0,IF(AND(BZ9=0,CA9=0),CB9/1,IF(AND(BZ9=0,CB9=0),CA9/1,IF(AND(CA9=0,CB9=0),BZ9/1,IF(BZ9=0,FLOOR((CA9+CB9)/2,0.1),IF(CA9=0,(BZ9+CB9)/2,IF(CB9=0,(CA9+BZ9)/2,FLOOR(((BZ9+CA9+CB9)/3),0.1)))))))) | CD9: 15 | CE9: 38 | CF9: =SUM(CD9:CE9) | CG9: 27 | CH9: 29 | CI9: =IF(AND(CF9=0,CG9=0,CH9=0),0,IF(AND(CF9=0,CG9=0),CH9/1,IF(AND(CF9=0,CH9=0),CG9/1,IF(AND(CG9=0,CH9=0),CF9/1,IF(CF9=0,FLOOR((CG9+CH9)/2,0.1),IF(CG9=0,(CF9+CH9)/2,IF(CH9=0,(CG9+CF9)/2,FLOOR(((CF9+CG9+CH9)/3),0.1)))))))) | CL9: =SUM(CJ9:CK9) | CO9: =IF(AND(CL9=0,CM9=0,CN9=0),0,IF(AND(CL9=0,CM9=0),CN9/1,IF(AND(CL9=0,CN9=0),CM9/1,IF(AND(CM9=0,CN9=0),CL9/1,IF(CL9=0,FLOOR((CM9+CN9)/2,0.1),IF(CM9=0,(CL9+CN9)/2,IF(CN9=0,(CM9+CL9)/2,FLOOR(((CL9+CM9+CN9)/3),0.1)))))))) | CR9: =SUM(CP9:CQ9) | CU9: =IF(AND(CR9=0,CS9=0,CT9=0),0,IF(AND(CR9=0,CS9=0),CT9/1,IF(AND(CR9=0,CT9=0),CS9/1,IF(AND(CS9=0,CT9=0),CR9/1,IF(CR9=0,FLOOR((CS9+CT9)/2,0.1),IF(CS9=0,(CR9+CT9)/2,IF(CT9=0,(CS9+CR9)/2,FLOOR(((CR9+CS9+CT9)/3),0.1)))))))) | CV9: 28 | CW9: 25 | CX9: =SUM(CV9:CW9) | CY9: 29 | CZ9: 20 | DA9: =IF(AND(CX9=0,CY9=0,CZ9=0),0,IF(AND(CX9=0,CY9=0),CZ9/1,IF(AND(CX9=0,CZ9=0),CY9/1,IF(AND(CY9=0,CZ9=0),CX9/1,IF(CX9=0,FLOOR((CY9+CZ9)/2,0.1),IF(CY9=0,(CX9+CZ9)/2,IF(CZ9=0,(CY9+CX9)/2,FLOOR(((CX9+CY9+CZ9)/3),0.1)))))))) | DD9: =SUM(DB9:DC9) | DG9: =IF(AND(DD9=0,DE9=0,DF9=0),0,IF(AND(DD9=0,DE9=0),DF9/1,IF(AND(DD9=0,DF9=0),DE9/1,IF(AND(DE9=0,DF9=0),DD9/1,IF(DD9=0,FLOOR((DE9+DF9)/2,0.1),IF(DE9=0,(DD9+DF9)/2,IF(DF9=0,(DE9+DD9)/2,FLOOR(((DD9+DE9+DF9)/3),0.1)))))))) | DH9: =SUM(O9,U9,AA9,AG9,AM9,AS9,AY9,BE9,BK9,BQ9,BW9,CC9,CI9,CO9,CU9,DA9,DG9) | DI9: =RANK(DH9,DH$4:DH$503) | DJ9: GOOD(4) | DK9: GOOD(4) | DL9: GOOD(4) | DM9: EXCELLENT(5) | DN9: GOOD(4) | DO9: GOOD(4) | DP9: GOOD(4) | DQ9: GOOD(4) | DR9: 2024/2025 | DS9: THIRD | DT9: GOOD(4) | DU9: GOOD(4) | DV9: GOOD(4) | DW9: GOOD(4) | DX9: GOOD(4) | DY9: GOOD(4) | DZ9: GOOD(4) | EA9: Excels in most subjects and demonstrates a strong grasp of concepts. | EB9: Promoted to JSS3 | EC9: MR. JIMOH WASIU OLATUNDE | ED9: Next Term Begins on Monday, 15th September, 2030
A10: 7 | B10: ALABI SANGODAMOLA | C10: 1868 | D10: Male | E10: JSS 2C | F10: 31 | G10: 122 | H10: 102 | I10: =G10-H10 | J10: 30 | K10: 34 | L10: =SUM(J10:K10) | M10: 30 | N10: 61 | O10: =IF(AND(L10=0,M10=0,N10=0),0,IF(AND(L10=0,M10=0),N10/1,IF(AND(L10=0,N10=0),M10/1,IF(AND(M10=0,N10=0),L10/1,IF(L10=0,FLOOR((M10+N10)/2,0.1),IF(M10=0,(L10+N10)/2,IF(N10=0,(M10+L10)/2,FLOOR(((L10+M10+N10)/3),0.1)))))))) | P10: 20 | Q10: 40 | R10: =SUM(P10:Q10) | S10: 71 | T10: 50 | U10: =IF(AND(R10=0,S10=0,T10=0),0,IF(AND(R10=0,S10=0),T10/1,IF(AND(R10=0,T10=0),S10/1,IF(AND(S10=0,T10=0),R10/1,IF(R10=0,FLOOR((S10+T10)/2,0.1),IF(S10=0,(R10+T10)/2,IF(T10=0,(S10+R10)/2,FLOOR(((R10+S10+T10)/3),0.1)))))))) | V10: 20 | W10: 30 | X10: =SUM(V10:W10) | Y10: 62 | Z10: 56 | AA10: =IF(AND(X10=0,Y10=0,Z10=0),0,IF(AND(X10=0,Y10=0),Z10/1,IF(AND(X10=0,Z10=0),Y10/1,IF(AND(Y10=0,Z10=0),X10/1,IF(X10=0,FLOOR((Y10+Z10)/2,0.1),IF(Y10=0,(X10+Z10)/2,IF(Z10=0,(Y10+X10)/2,FLOOR(((X10+Y10+Z10)/3),0.1)))))))) | AB10: 25 | AC10: 29 | AD10: =SUM(AB10:AC10) | AE10: 55 | AF10: 54 | AG10: =IF(AND(AD10=0,AE10=0,AF10=0),0,IF(AND(AD10=0,AE10=0),AF10/1,IF(AND(AD10=0,AF10=0),AE10/1,IF(AND(AE10=0,AF10=0),AD10/1,IF(AD10=0,FLOOR((AE10+AF10)/2,0.1),IF(AE10=0,(AD10+AF10)/2,IF(AF10=0,(AE10+AD10)/2,FLOOR(((AD10+AE10+AF10)/3),0.1)))))))) | AH10: 30 | AI10: 33 | AJ10: =SUM(AH10:AI10) | AK10: 28 | AL10: 28 | AM10: =IF(AND(AJ10=0,AK10=0,AL10=0),0,IF(AND(AJ10=0,AK10=0),AL10/1,IF(AND(AJ10=0,AL10=0),AK10/1,IF(AND(AK10=0,AL10=0),AJ10/1,IF(AJ10=0,FLOOR((AK10+AL10)/2,0.1),IF(AK10=0,(AJ10+AL10)/2,IF(AL10=0,(AK10+AJ10)/2,FLOOR(((AJ10+AK10+AL10)/3),0.1)))))))) | AP10: =SUM(AN10:AO10) | AS10: =IF(AND(AP10=0,AQ10=0,AR10=0),0,IF(AND(AP10=0,AQ10=0),AR10/1,IF(AND(AP10=0,AR10=0),AQ10/1,IF(AND(AQ10=0,AR10=0),AP10/1,IF(AP10=0,FLOOR((AQ10+AR10)/2,0.1),IF(AQ10=0,(AP10+AR10)/2,IF(AR10=0,(AQ10+AP10)/2,FLOOR(((AP10+AQ10+AR10)/3),0.1)))))))) | AT10: 27 | AU10: 31 | AV10: =SUM(AT10:AU10) | AW10: 47 | AX10: 38 | AY10: =IF(AND(AV10=0,AW10=0,AX10=0),0,IF(AND(AV10=0,AW10=0),AX10/1,IF(AND(AV10=0,AX10=0),AW10/1,IF(AND(AW10=0,AX10=0),AV10/1,IF(AV10=0,FLOOR((AW10+AX10)/2,0.1),IF(AW10=0,(AV10+AX10)/2,IF(AX10=0,(AW10+AV10)/2,FLOOR(((AV10+AW10+AX10)/3),0.1)))))))) | AZ10: 23 | BA10: 48 | BB10: =SUM(AZ10:BA10) | BC10: 53 | BD10: 62 | BE10: =IF(AND(BB10=0,BC10=0,BD10=0),0,IF(AND(BB10=0,BC10=0),BD10/1,IF(AND(BB10=0,BD10=0),BC10/1,IF(AND(BC10=0,BD10=0),BB10/1,IF(BB10=0,FLOOR((BC10+BD10)/2,0.1),IF(BC10=0,(BB10+BD10)/2,IF(BD10=0,(BC10+BB10)/2,FLOOR(((BB10+BC10+BD10)/3),0.1)))))))) | BF10: 16 | BG10: 35 | BH10: =SUM(BF10:BG10) | BI10: 50 | BJ10: 37 | BK10: =IF(AND(BH10=0,BI10=0,BJ10=0),0,IF(AND(BH10=0,BI10=0),BJ10/1,IF(AND(BH10=0,BJ10=0),BI10/1,IF(AND(BI10=0,BJ10=0),BH10/1,IF(BH10=0,FLOOR((BI10+BJ10)/2,0.1),IF(BI10=0,(BH10+BJ10)/2,IF(BJ10=0,(BI10+BH10)/2,FLOOR(((BH10+BI10+BJ10)/3),0.1)))))))) | BL10: 27 | BM10: 43 | BN10: =SUM(BL10:BM10) | BO10: 32 | BP10: 54 | BQ10: =IF(AND(BN10=0,BO10=0,BP10=0),0,IF(AND(BN10=0,BO10=0),BP10/1,IF(AND(BN10=0,BP10=0),BO10/1,IF(AND(BO10=0,BP10=0),BN10/1,IF(BN10=0,FLOOR((BO10+BP10)/2,0.1),IF(BO10=0,(BN10+BP10)/2,IF(BP10=0,(BO10+BN10)/2,FLOOR(((BN10+BO10+BP10)/3),0.1)))))))) | BT10: =SUM(BR10:BS10) | BW10: =IF(AND(BT10=0,BU10=0,BV10=0),0,IF(AND(BT10=0,BU10=0),BV10/1,IF(AND(BT10=0,BV10=0),BU10/1,IF(AND(BU10=0,BV10=0),BT10/1,IF(BT10=0,FLOOR((BU10+BV10)/2,0.1),IF(BU10=0,(BT10+BV10)/2,IF(BV10=0,(BU10+BT10)/2,FLOOR(((BT10+BU10+BV10)/3),0.1)))))))) | BX10: 20 | BY10: 62 | BZ10: =SUM(BX10:BY10) | CA10: 49 | CB10: 54 | CC10: =IF(AND(BZ10=0,CA10=0,CB10=0),0,IF(AND(BZ10=0,CA10=0),CB10/1,IF(AND(BZ10=0,CB10=0),CA10/1,IF(AND(CA10=0,CB10=0),BZ10/1,IF(BZ10=0,FLOOR((CA10+CB10)/2,0.1),IF(CA10=0,(BZ10+CB10)/2,IF(CB10=0,(CA10+BZ10)/2,FLOOR(((BZ10+CA10+CB10)/3),0.1)))))))) | CD10: 16 | CE10: 38 | CF10: =SUM(CD10:CE10) | CG10: 44 | CH10: 54 | CI10: =IF(AND(CF10=0,CG10=0,CH10=0),0,IF(AND(CF10=0,CG10=0),CH10/1,IF(AND(CF10=0,CH10=0),CG10/1,IF(AND(CG10=0,CH10=0),CF10/1,IF(CF10=0,FLOOR((CG10+CH10)/2,0.1),IF(CG10=0,(CF10+CH10)/2,IF(CH10=0,(CG10+CF10)/2,FLOOR(((CF10+CG10+CH10)/3),0.1)))))))) | CL10: =SUM(CJ10:CK10) | CO10: =IF(AND(CL10=0,CM10=0,CN10=0),0,IF(AND(CL10=0,CM10=0),CN10/1,IF(AND(CL10=0,CN10=0),CM10/1,IF(AND(CM10=0,CN10=0),CL10/1,IF(CL10=0,FLOOR((CM10+CN10)/2,0.1),IF(CM10=0,(CL10+CN10)/2,IF(CN10=0,(CM10+CL10)/2,FLOOR(((CL10+CM10+CN10)/3),0.1)))))))) | CR10: =SUM(CP10:CQ10) | CU10: =IF(AND(CR10=0,CS10=0,CT10=0),0,IF(AND(CR10=0,CS10=0),CT10/1,IF(AND(CR10=0,CT10=0),CS10/1,IF(AND(CS10=0,CT10=0),CR10/1,IF(CR10=0,FLOOR((CS10+CT10)/2,0.1),IF(CS10=0,(CR10+CT10)/2,IF(CT10=0,(CS10+CR10)/2,FLOOR(((CR10+CS10+CT10)/3),0.1)))))))) | CV10: 30 | CW10: 33 | CX10: =SUM(CV10:CW10) | CY10: 28 | CZ10: 28 | DA10: =IF(AND(CX10=0,CY10=0,CZ10=0),0,IF(AND(CX10=0,CY10=0),CZ10/1,IF(AND(CX10=0,CZ10=0),CY10/1,IF(AND(CY10=0,CZ10=0),CX10/1,IF(CX10=0,FLOOR((CY10+CZ10)/2,0.1),IF(CY10=0,(CX10+CZ10)/2,IF(CZ10=0,(CY10+CX10)/2,FLOOR(((CX10+CY10+CZ10)/3),0.1)))))))) | DD10: =SUM(DB10:DC10) | DG10: =IF(AND(DD10=0,DE10=0,DF10=0),0,IF(AND(DD10=0,DE10=0),DF10/1,IF(AND(DD10=0,DF10=0),DE10/1,IF(AND(DE10=0,DF10=0),DD10/1,IF(DD10=0,FLOOR((DE10+DF10)/2,0.1),IF(DE10=0,(DD10+DF10)/2,IF(DF10=0,(DE10+DD10)/2,FLOOR(((DD10+DE10+DF10)/3),0.1)))))))) | DH10: =SUM(O10,U10,AA10,AG10,AM10,AS10,AY10,BE10,BK10,BQ10,BW10,CC10,CI10,CO10,CU10,DA10,DG10) | DI10: =RANK(DH10,DH$4:DH$503) | DJ10: EXCELLENT(5) | DK10: GOOD(4) | DL10: GOOD(4) | DM10: EXCELLENT(5) | DN10: GOOD(4) | DO10: GOOD(4) | DP10: GOOD(4) | DQ10: GOOD(4) | DR10: 2024/2025 | DS10: THIRD | DT10: GOOD(4) | DU10: GOOD(4) | DV10: GOOD(4) | DW10: GOOD(4) | DX10: GOOD(4) | DY10: GOOD(4) | DZ10: GOOD(4) | EA10: Shows consistent effort and improvement in academic work. | EB10: Promoted to JSS3 | EC10: MR. JIMOH WASIU OLATUNDE | ED10: Next Term Begins on Monday, 15th September, 2031
A11: 8 | B11: AMAO OJEBAYO ALABI | C11: 1850 | D11: Male | E11: JSS 2C | F11: 31 | G11: 122 | H11: 90 | I11: =G11-H11 | J11: 30 | K11: 42 | L11: =SUM(J11:K11) | M11: 26 | N11: 44 | O11: =IF(AND(L11=0,M11=0,N11=0),0,IF(AND(L11=0,M11=0),N11/1,IF(AND(L11=0,N11=0),M11/1,IF(AND(M11=0,N11=0),L11/1,IF(L11=0,FLOOR((M11+N11)/2,0.1),IF(M11=0,(L11+N11)/2,IF(N11=0,(M11+L11)/2,FLOOR(((L11+M11+N11)/3),0.1)))))))) | P11: 18 | Q11: 36 | R11: =SUM(P11:Q11) | S11: 56 | T11: 52 | U11: =IF(AND(R11=0,S11=0,T11=0),0,IF(AND(R11=0,S11=0),T11/1,IF(AND(R11=0,T11=0),S11/1,IF(AND(S11=0,T11=0),R11/1,IF(R11=0,FLOOR((S11+T11)/2,0.1),IF(S11=0,(R11+T11)/2,IF(T11=0,(S11+R11)/2,FLOOR(((R11+S11+T11)/3),0.1)))))))) | V11: 24 | W11: 30 | X11: =SUM(V11:W11) | Y11: 54 | Z11: 54 | AA11: =IF(AND(X11=0,Y11=0,Z11=0),0,IF(AND(X11=0,Y11=0),Z11/1,IF(AND(X11=0,Z11=0),Y11/1,IF(AND(Y11=0,Z11=0),X11/1,IF(X11=0,FLOOR((Y11+Z11)/2,0.1),IF(Y11=0,(X11+Z11)/2,IF(Z11=0,(Y11+X11)/2,FLOOR(((X11+Y11+Z11)/3),0.1)))))))) | AB11: 21 | AC11: 55 | AD11: =SUM(AB11:AC11) | AE11: 65 | AF11: 70 | AG11: =IF(AND(AD11=0,AE11=0,AF11=0),0,IF(AND(AD11=0,AE11=0),AF11/1,IF(AND(AD11=0,AF11=0),AE11/1,IF(AND(AE11=0,AF11=0),AD11/1,IF(AD11=0,FLOOR((AE11+AF11)/2,0.1),IF(AE11=0,(AD11+AF11)/2,IF(AF11=0,(AE11+AD11)/2,FLOOR(((AD11+AE11+AF11)/3),0.1)))))))) | AH11: 17 | AI11: 40 | AJ11: =SUM(AH11:AI11) | AK11: 60 | AL11: 56 | AM11: =IF(AND(AJ11=0,AK11=0,AL11=0),0,IF(AND(AJ11=0,AK11=0),AL11/1,IF(AND(AJ11=0,AL11=0),AK11/1,IF(AND(AK11=0,AL11=0),AJ11/1,IF(AJ11=0,FLOOR((AK11+AL11)/2,0.1),IF(AK11=0,(AJ11+AL11)/2,IF(AL11=0,(AK11+AJ11)/2,FLOOR(((AJ11+AK11+AL11)/3),0.1)))))))) | AP11: =SUM(AN11:AO11) | AS11: =IF(AND(AP11=0,AQ11=0,AR11=0),0,IF(AND(AP11=0,AQ11=0),AR11/1,IF(AND(AP11=0,AR11=0),AQ11/1,IF(AND(AQ11=0,AR11=0),AP11/1,IF(AP11=0,FLOOR((AQ11+AR11)/2,0.1),IF(AQ11=0,(AP11+AR11)/2,IF(AR11=0,(AQ11+AP11)/2,FLOOR(((AP11+AQ11+AR11)/3),0.1)))))))) | AT11: 25 | AU11: 31 | AV11: =SUM(AT11:AU11) | AW11: 45 | AX11: 52 | AY11: =IF(AND(AV11=0,AW11=0,AX11=0),0,IF(AND(AV11=0,AW11=0),AX11/1,IF(AND(AV11=0,AX11=0),AW11/1,IF(AND(AW11=0,AX11=0),AV11/1,IF(AV11=0,FLOOR((AW11+AX11)/2,0.1),IF(AW11=0,(AV11+AX11)/2,IF(AX11=0,(AW11+AV11)/2,FLOOR(((AV11+AW11+AX11)/3),0.1)))))))) | AZ11: 24 | BA11: 41 | BB11: =SUM(AZ11:BA11) | BC11: 52 | BD11: 58 | BE11: =IF(AND(BB11=0,BC11=0,BD11=0),0,IF(AND(BB11=0,BC11=0),BD11/1,IF(AND(BB11=0,BD11=0),BC11/1,IF(AND(BC11=0,BD11=0),BB11/1,IF(BB11=0,FLOOR((BC11+BD11)/2,0.1),IF(BC11=0,(BB11+BD11)/2,IF(BD11=0,(BC11+BB11)/2,FLOOR(((BB11+BC11+BD11)/3),0.1)))))))) | BF11: 10 | BG11: 19 | BH11: =SUM(BF11:BG11) | BI11: 30 | BJ11: 22 | BK11: =IF(AND(BH11=0,BI11=0,BJ11=0),0,IF(AND(BH11=0,BI11=0),BJ11/1,IF(AND(BH11=0,BJ11=0),BI11/1,IF(AND(BI11=0,BJ11=0),BH11/1,IF(BH11=0,FLOOR((BI11+BJ11)/2,0.1),IF(BI11=0,(BH11+BJ11)/2,IF(BJ11=0,(BI11+BH11)/2,FLOOR(((BH11+BI11+BJ11)/3),0.1)))))))) | BL11: 24 | BM11: 38 | BN11: =SUM(BL11:BM11) | BO11: 19 | BP11: 59 | BQ11: =IF(AND(BN11=0,BO11=0,BP11=0),0,IF(AND(BN11=0,BO11=0),BP11/1,IF(AND(BN11=0,BP11=0),BO11/1,IF(AND(BO11=0,BP11=0),BN11/1,IF(BN11=0,FLOOR((BO11+BP11)/2,0.1),IF(BO11=0,(BN11+BP11)/2,IF(BP11=0,(BO11+BN11)/2,FLOOR(((BN11+BO11+BP11)/3),0.1)))))))) | BT11: =SUM(BR11:BS11) | BW11: =IF(AND(BT11=0,BU11=0,BV11=0),0,IF(AND(BT11=0,BU11=0),BV11/1,IF(AND(BT11=0,BV11=0),BU11/1,IF(AND(BU11=0,BV11=0),BT11/1,IF(BT11=0,FLOOR((BU11+BV11)/2,0.1),IF(BU11=0,(BT11+BV11)/2,IF(BV11=0,(BU11+BT11)/2,FLOOR(((BT11+BU11+BV11)/3),0.1)))))))) | BX11: 19 | BY11: 65 | BZ11: =SUM(BX11:BY11) | CA11: 61 | CB11: 64 | CC11: =IF(AND(BZ11=0,CA11=0,CB11=0),0,IF(AND(BZ11=0,CA11=0),CB11/1,IF(AND(BZ11=0,CB11=0),CA11/1,IF(AND(CA11=0,CB11=0),BZ11/1,IF(BZ11=0,FLOOR((CA11+CB11)/2,0.1),IF(CA11=0,(BZ11+CB11)/2,IF(CB11=0,(CA11+BZ11)/2,FLOOR(((BZ11+CA11+CB11)/3),0.1)))))))) | CD11: 15 | CE11: 40 | CF11: =SUM(CD11:CE11) | CG11: 47 | CH11: 36 | CI11: =IF(AND(CF11=0,CG11=0,CH11=0),0,IF(AND(CF11=0,CG11=0),CH11/1,IF(AND(CF11=0,CH11=0),CG11/1,IF(AND(CG11=0,CH11=0),CF11/1,IF(CF11=0,FLOOR((CG11+CH11)/2,0.1),IF(CG11=0,(CF11+CH11)/2,IF(CH11=0,(CG11+CF11)/2,FLOOR(((CF11+CG11+CH11)/3),0.1)))))))) | CL11: =SUM(CJ11:CK11) | CO11: =IF(AND(CL11=0,CM11=0,CN11=0),0,IF(AND(CL11=0,CM11=0),CN11/1,IF(AND(CL11=0,CN11=0),CM11/1,IF(AND(CM11=0,CN11=0),CL11/1,IF(CL11=0,FLOOR((CM11+CN11)/2,0.1),IF(CM11=0,(CL11+CN11)/2,IF(CN11=0,(CM11+CL11)/2,FLOOR(((CL11+CM11+CN11)/3),0.1)))))))) | CR11: =SUM(CP11:CQ11) | CU11: =IF(AND(CR11=0,CS11=0,CT11=0),0,IF(AND(CR11=0,CS11=0),CT11/1,IF(AND(CR11=0,CT11=0),CS11/1,IF(AND(CS11=0,CT11=0),CR11/1,IF(CR11=0,FLOOR((CS11+CT11)/2,0.1),IF(CS11=0,(CR11+CT11)/2,IF(CT11=0,(CS11+CR11)/2,FLOOR(((CR11+CS11+CT11)/3),0.1)))))))) | CV11: 30 | CW11: 30 | CX11: =SUM(CV11:CW11) | CY11: 47 | CZ11: 47 | DA11: =IF(AND(CX11=0,CY11=0,CZ11=0),0,IF(AND(CX11=0,CY11=0),CZ11/1,IF(AND(CX11=0,CZ11=0),CY11/1,IF(AND(CY11=0,CZ11=0),CX11/1,IF(CX11=0,FLOOR((CY11+CZ11)/2,0.1),IF(CY11=0,(CX11+CZ11)/2,IF(CZ11=0,(CY11+CX11)/2,FLOOR(((CX11+CY11+CZ11)/3),0.1)))))))) | DD11: =SUM(DB11:DC11) | DG11: =IF(AND(DD11=0,DE11=0,DF11=0),0,IF(AND(DD11=0,DE11=0),DF11/1,IF(AND(DD11=0,DF11=0),DE11/1,IF(AND(DE11=0,DF11=0),DD11/1,IF(DD11=0,FLOOR((DE11+DF11)/2,0.1),IF(DE11=0,(DD11+DF11)/2,IF(DF11=0,(DE11+DD11)/2,FLOOR(((DD11+DE11+DF11)/3),0.1)))))))) | DH11: =SUM(O11,U11,AA11,AG11,AM11,AS11,AY11,BE11,BK11,BQ11,BW11,CC11,CI11,CO11,CU11,DA11,DG11) | DI11: =RANK(DH11,DH$4:DH$503) | DJ11: GOOD(4) | DK11: GOOD(4) | DL11: EXCELLENT(5) | DM11: EXCELLENT(5) | DN11: GOOD(4) | DO11: GOOD(4) | DP11: GOOD(4) | DQ11: GOOD(4) | DR11: 2024/2025 | DS11: THIRD | DT11: GOOD(4) | DU11: GOOD(4) | DV11: GOOD(4) | DW11: GOOD(4) | DX11: GOOD(4) | DY11: GOOD(4) | DZ11: GOOD(4) | EA11: Shows consistent effort and improvement in academic work. | EB11: Promoted to JSS3 | EC11: MR. JIMOH WASIU OLATUNDE | ED11: Next Term Begins on Monday, 15th September, 2032
A12: 9 | B12: AMODU ISIAKA | C12: 1820 | D12: Male | E12: JSS 2C | F12: 31 | G12: 122 | H12: 64 | I12: =G12-H12 | J12: 30 | K12: 42 | L12: =SUM(J12:K12) | M12: 25 | N12: 24 | O12: =IF(AND(L12=0,M12=0,N12=0),0,IF(AND(L12=0,M12=0),N12/1,IF(AND(L12=0,N12=0),M12/1,IF(AND(M12=0,N12=0),L12/1,IF(L12=0,FLOOR((M12+N12)/2,0.1),IF(M12=0,(L12+N12)/2,IF(N12=0,(M12+L12)/2,FLOOR(((L12+M12+N12)/3),0.1)))))))) | P12: 9 | Q12: 18 | R12: =SUM(P12:Q12) | S12: 38 | T12: 17 | U12: =IF(AND(R12=0,S12=0,T12=0),0,IF(AND(R12=0,S12=0),T12/1,IF(AND(R12=0,T12=0),S12/1,IF(AND(S12=0,T12=0),R12/1,IF(R12=0,FLOOR((S12+T12)/2,0.1),IF(S12=0,(R12+T12)/2,IF(T12=0,(S12+R12)/2,FLOOR(((R12+S12+T12)/3),0.1)))))))) | V12: 21 | W12: 10 | X12: =SUM(V12:W12) | Y12: 46 | Z12: 38 | AA12: =IF(AND(X12=0,Y12=0,Z12=0),0,IF(AND(X12=0,Y12=0),Z12/1,IF(AND(X12=0,Z12=0),Y12/1,IF(AND(Y12=0,Z12=0),X12/1,IF(X12=0,FLOOR((Y12+Z12)/2,0.1),IF(Y12=0,(X12+Z12)/2,IF(Z12=0,(Y12+X12)/2,FLOOR(((X12+Y12+Z12)/3),0.1)))))))) | AB12: 17 | AC12: 37 | AD12: =SUM(AB12:AC12) | AE12: 59 | AF12: 56 | AG12: =IF(AND(AD12=0,AE12=0,AF12=0),0,IF(AND(AD12=0,AE12=0),AF12/1,IF(AND(AD12=0,AF12=0),AE12/1,IF(AND(AE12=0,AF12=0),AD12/1,IF(AD12=0,FLOOR((AE12+AF12)/2,0.1),IF(AE12=0,(AD12+AF12)/2,IF(AF12=0,(AE12+AD12)/2,FLOOR(((AD12+AE12+AF12)/3),0.1)))))))) | AH12: 16 | AI12: 32 | AJ12: =SUM(AH12:AI12) | AK12: 34 | AL12: 42 | AM12: =IF(AND(AJ12=0,AK12=0,AL12=0),0,IF(AND(AJ12=0,AK12=0),AL12/1,IF(AND(AJ12=0,AL12=0),AK12/1,IF(AND(AK12=0,AL12=0),AJ12/1,IF(AJ12=0,FLOOR((AK12+AL12)/2,0.1),IF(AK12=0,(AJ12+AL12)/2,IF(AL12=0,(AK12+AJ12)/2,FLOOR(((AJ12+AK12+AL12)/3),0.1)))))))) | AP12: =SUM(AN12:AO12) | AS12: =IF(AND(AP12=0,AQ12=0,AR12=0),0,IF(AND(AP12=0,AQ12=0),AR12/1,IF(AND(AP12=0,AR12=0),AQ12/1,IF(AND(AQ12=0,AR12=0),AP12/1,IF(AP12=0,FLOOR((AQ12+AR12)/2,0.1),IF(AQ12=0,(AP12+AR12)/2,IF(AR12=0,(AQ12+AP12)/2,FLOOR(((AP12+AQ12+AR12)/3),0.1)))))))) | AT12: 18 | AU12: 32 | AV12: =SUM(AT12:AU12) | AW12: 31 | AX12: 35 | AY12: =IF(AND(AV12=0,AW12=0,AX12=0),0,IF(AND(AV12=0,AW12=0),AX12/1,IF(AND(AV12=0,AX12=0),AW12/1,IF(AND(AW12=0,AX12=0),AV12/1,IF(AV12=0,FLOOR((AW12+AX12)/2,0.1),IF(AW12=0,(AV12+AX12)/2,IF(AX12=0,(AW12+AV12)/2,FLOOR(((AV12+AW12+AX12)/3),0.1)))))))) | AZ12: 22 | BA12: 34 | BB12: =SUM(AZ12:BA12) | BC12: 46 | BD12: 51 | BE12: =IF(AND(BB12=0,BC12=0,BD12=0),0,IF(AND(BB12=0,BC12=0),BD12/1,IF(AND(BB12=0,BD12=0),BC12/1,IF(AND(BC12=0,BD12=0),BB12/1,IF(BB12=0,FLOOR((BC12+BD12)/2,0.1),IF(BC12=0,(BB12+BD12)/2,IF(BD12=0,(BC12+BB12)/2,FLOOR(((BB12+BC12+BD12)/3),0.1)))))))) | BF12: 14 | BG12: 41 | BH12: =SUM(BF12:BG12) | BI12: 49 | BJ12: 28 | BK12: =IF(AND(BH12=0,BI12=0,BJ12=0),0,IF(AND(BH12=0,BI12=0),BJ12/1,IF(AND(BH12=0,BJ12=0),BI12/1,IF(AND(BI12=0,BJ12=0),BH12/1,IF(BH12=0,FLOOR((BI12+BJ12)/2,0.1),IF(BI12=0,(BH12+BJ12)/2,IF(BJ12=0,(BI12+BH12)/2,FLOOR(((BH12+BI12+BJ12)/3),0.1)))))))) | BL12: 25 | BM12: 32 | BN12: =SUM(BL12:BM12) | BO12: 47 | BP12: 43 | BQ12: =IF(AND(BN12=0,BO12=0,BP12=0),0,IF(AND(BN12=0,BO12=0),BP12/1,IF(AND(BN12=0,BP12=0),BO12/1,IF(AND(BO12=0,BP12=0),BN12/1,IF(BN12=0,FLOOR((BO12+BP12)/2,0.1),IF(BO12=0,(BN12+BP12)/2,IF(BP12=0,(BO12+BN12)/2,FLOOR(((BN12+BO12+BP12)/3),0.1)))))))) | BT12: =SUM(BR12:BS12) | BW12: =IF(AND(BT12=0,BU12=0,BV12=0),0,IF(AND(BT12=0,BU12=0),BV12/1,IF(AND(BT12=0,BV12=0),BU12/1,IF(AND(BU12=0,BV12=0),BT12/1,IF(BT12=0,FLOOR((BU12+BV12)/2,0.1),IF(BU12=0,(BT12+BV12)/2,IF(BV12=0,(BU12+BT12)/2,FLOOR(((BT12+BU12+BV12)/3),0.1)))))))) | BX12: 21 | BY12: 64 | BZ12: =SUM(BX12:BY12) | CA12: 37 | CB12: 29 | CC12: =IF(AND(BZ12=0,CA12=0,CB12=0),0,IF(AND(BZ12=0,CA12=0),CB12/1,IF(AND(BZ12=0,CB12=0),CA12/1,IF(AND(CA12=0,CB12=0),BZ12/1,IF(BZ12=0,FLOOR((CA12+CB12)/2,0.1),IF(CA12=0,(BZ12+CB12)/2,IF(CB12=0,(CA12+BZ12)/2,FLOOR(((BZ12+CA12+CB12)/3),0.1)))))))) | CD12: 15 | CE12: 44 | CF12: =SUM(CD12:CE12) | CG12: 18 | CH12: 40 | CI12: =IF(AND(CF12=0,CG12=0,CH12=0),0,IF(AND(CF12=0,CG12=0),CH12/1,IF(AND(CF12=0,CH12=0),CG12/1,IF(AND(CG12=0,CH12=0),CF12/1,IF(CF12=0,FLOOR((CG12+CH12)/2,0.1),IF(CG12=0,(CF12+CH12)/2,IF(CH12=0,(CG12+CF12)/2,FLOOR(((CF12+CG12+CH12)/3),0.1)))))))) | CL12: =SUM(CJ12:CK12) | CO12: =IF(AND(CL12=0,CM12=0,CN12=0),0,IF(AND(CL12=0,CM12=0),CN12/1,IF(AND(CL12=0,CN12=0),CM12/1,IF(AND(CM12=0,CN12=0),CL12/1,IF(CL12=0,FLOOR((CM12+CN12)/2,0.1),IF(CM12=0,(CL12+CN12)/2,IF(CN12=0,(CM12+CL12)/2,FLOOR(((CL12+CM12+CN12)/3),0.1)))))))) | CP12: 13 | CQ12: 28 | CR12: =SUM(CP12:CQ12) | CS12: 29 | CT12: 27 | CU12: =IF(AND(CR12=0,CS12=0,CT12=0),0,IF(AND(CR12=0,CS12=0),CT12/1,IF(AND(CR12=0,CT12=0),CS12/1,IF(AND(CS12=0,CT12=0),CR12/1,IF(CR12=0,FLOOR((CS12+CT12)/2,0.1),IF(CS12=0,(CR12+CT12)/2,IF(CT12=0,(CS12+CR12)/2,FLOOR(((CR12+CS12+CT12)/3),0.1)))))))) | CX12: =SUM(CV12:CW12) | DA12: =IF(AND(CX12=0,CY12=0,CZ12=0),0,IF(AND(CX12=0,CY12=0),CZ12/1,IF(AND(CX12=0,CZ12=0),CY12/1,IF(AND(CY12=0,CZ12=0),CX12/1,IF(CX12=0,FLOOR((CY12+CZ12)/2,0.1),IF(CY12=0,(CX12+CZ12)/2,IF(CZ12=0,(CY12+CX12)/2,FLOOR(((CX12+CY12+CZ12)/3),0.1)))))))) | DD12: =SUM(DB12:DC12) | DG12: =IF(AND(DD12=0,DE12=0,DF12=0),0,IF(AND(DD12=0,DE12=0),DF12/1,IF(AND(DD12=0,DF12=0),DE12/1,IF(AND(DE12=0,DF12=0),DD12/1,IF(DD12=0,FLOOR((DE12+DF12)/2,0.1),IF(DE12=0,(DD12+DF12)/2,IF(DF12=0,(DE12+DD12)/2,FLOOR(((DD12+DE12+DF12)/3),0.1)))))))) | DH12: =SUM(O12,U12,AA12,AG12,AM12,AS12,AY12,BE12,BK12,BQ12,BW12,CC12,CI12,CO12,CU12,DA12,DG12) | DI12: =RANK(DH12,DH$4:DH$503) | DJ12: EXCELLENT(5) | DK12: GOOD(4) | DL12: EXCELLENT(5) | DM12: EXCELLENT(5) | DN12: GOOD(4) | DO12: GOOD(4) | DP12: GOOD(4) | DQ12: GOOD(4) | DR12: 2024/2025 | DS12: THIRD | DT12: GOOD(4) | DU12: GOOD(4) | DV12: GOOD(4) | DW12: GOOD(4) | DX12: GOOD(4) | DY12: GOOD(4) | DZ12: GOOD(4) | EA12: Shows consistent effort and improvement in academic work. | EB12: Promoted on trial to JSS3 | EC12: MR. JIMOH WASIU OLATUNDE | ED12: Next Term Begins on Monday, 15th September, 2033
A13: 10 | B13: AYANWALE ABDULRAUF | C13: 1844 | D13: Male | E13: JSS 2C | F13: 31 | G13: 122 | H13: 112 | I13: =G13-H13 | J13: 24 | K13: 24 | L13: =SUM(J13:K13) | M13: 29 | N13: 30 | O13: =IF(AND(L13=0,M13=0,N13=0),0,IF(AND(L13=0,M13=0),N13/1,IF(AND(L13=0,N13=0),M13/1,IF(AND(M13=0,N13=0),L13/1,IF(L13=0,FLOOR((M13+N13)/2,0.1),IF(M13=0,(L13+N13)/2,IF(N13=0,(M13+L13)/2,FLOOR(((L13+M13+N13)/3),0.1)))))))) | P13: 16 | Q13: 32 | R13: =SUM(P13:Q13) | S13: 60 | T13: 35 | U13: =IF(AND(R13=0,S13=0,T13=0),0,IF(AND(R13=0,S13=0),T13/1,IF(AND(R13=0,T13=0),S13/1,IF(AND(S13=0,T13=0),R13/1,IF(R13=0,FLOOR((S13+T13)/2,0.1),IF(S13=0,(R13+T13)/2,IF(T13=0,(S13+R13)/2,FLOOR(((R13+S13+T13)/3),0.1)))))))) | V13: 23 | W13: 20 | X13: =SUM(V13:W13) | Y13: 54 | Z13: 48 | AA13: =IF(AND(X13=0,Y13=0,Z13=0),0,IF(AND(X13=0,Y13=0),Z13/1,IF(AND(X13=0,Z13=0),Y13/1,IF(AND(Y13=0,Z13=0),X13/1,IF(X13=0,FLOOR((Y13+Z13)/2,0.1),IF(Y13=0,(X13+Z13)/2,IF(Z13=0,(Y13+X13)/2,FLOOR(((X13+Y13+Z13)/3),0.1)))))))) | AB13: 25 | AC13: 31 | AD13: =SUM(AB13:AC13) | AE13: 75 | AF13: 66 | AG13: =IF(AND(AD13=0,AE13=0,AF13=0),0,IF(AND(AD13=0,AE13=0),AF13/1,IF(AND(AD13=0,AF13=0),AE13/1,IF(AND(AE13=0,AF13=0),AD13/1,IF(AD13=0,FLOOR((AE13+AF13)/2,0.1),IF(AE13=0,(AD13+AF13)/2,IF(AF13=0,(AE13+AD13)/2,FLOOR(((AD13+AE13+AF13)/3),0.1)))))))) | AH13: 17 | AI13: 28 | AJ13: =SUM(AH13:AI13) | AK13: 46 | AL13: 42 | AM13: =IF(AND(AJ13=0,AK13=0,AL13=0),0,IF(AND(AJ13=0,AK13=0),AL13/1,IF(AND(AJ13=0,AL13=0),AK13/1,IF(AND(AK13=0,AL13=0),AJ13/1,IF(AJ13=0,FLOOR((AK13+AL13)/2,0.1),IF(AK13=0,(AJ13+AL13)/2,IF(AL13=0,(AK13+AJ13)/2,FLOOR(((AJ13+AK13+AL13)/3),0.1)))))))) | AP13: =SUM(AN13:AO13) | AS13: =IF(AND(AP13=0,AQ13=0,AR13=0),0,IF(AND(AP13=0,AQ13=0),AR13/1,IF(AND(AP13=0,AR13=0),AQ13/1,IF(AND(AQ13=0,AR13=0),AP13/1,IF(AP13=0,FLOOR((AQ13+AR13)/2,0.1),IF(AQ13=0,(AP13+AR13)/2,IF(AR13=0,(AQ13+AP13)/2,FLOOR(((AP13+AQ13+AR13)/3),0.1)))))))) | AT13: 21 | AU13: 30 | AV13: =SUM(AT13:AU13) | AW13: 31 | AX13: 30 | AY13: =IF(AND(AV13=0,AW13=0,AX13=0),0,IF(AND(AV13=0,AW13=0),AX13/1,IF(AND(AV13=0,AX13=0),AW13/1,IF(AND(AW13=0,AX13=0),AV13/1,IF(AV13=0,FLOOR((AW13+AX13)/2,0.1),IF(AW13=0,(AV13+AX13)/2,IF(AX13=0,(AW13+AV13)/2,FLOOR(((AV13+AW13+AX13)/3),0.1)))))))) | AZ13: 22 | BA13: 32 | BB13: =SUM(AZ13:BA13) | BC13: 48 | BD13: 51 | BE13: =IF(AND(BB13=0,BC13=0,BD13=0),0,IF(AND(BB13=0,BC13=0),BD13/1,IF(AND(BB13=0,BD13=0),BC13/1,IF(AND(BC13=0,BD13=0),BB13/1,IF(BB13=0,FLOOR((BC13+BD13)/2,0.1),IF(BC13=0,(BB13+BD13)/2,IF(BD13=0,(BC13+BB13)/2,FLOOR(((BB13+BC13+BD13)/3),0.1)))))))) | BF13: 16 | BG13: 38 | BH13: =SUM(BF13:BG13) | BI13: 48 | BJ13: 27 | BK13: =IF(AND(BH13=0,BI13=0,BJ13=0),0,IF(AND(BH13=0,BI13=0),BJ13/1,IF(AND(BH13=0,BJ13=0),BI13/1,IF(AND(BI13=0,BJ13=0),BH13/1,IF(BH13=0,FLOOR((BI13+BJ13)/2,0.1),IF(BI13=0,(BH13+BJ13)/2,IF(BJ13=0,(BI13+BH13)/2,FLOOR(((BH13+BI13+BJ13)/3),0.1)))))))) | BL13: 15 | BM13: 39 | BN13: =SUM(BL13:BM13) | BO13: 37 | BP13: 38 | BQ13: =IF(AND(BN13=0,BO13=0,BP13=0),0,IF(AND(BN13=0,BO13=0),BP13/1,IF(AND(BN13=0,BP13=0),BO13/1,IF(AND(BO13=0,BP13=0),BN13/1,IF(BN13=0,FLOOR((BO13+BP13)/2,0.1),IF(BO13=0,(BN13+BP13)/2,IF(BP13=0,(BO13+BN13)/2,FLOOR(((BN13+BO13+BP13)/3),0.1)))))))) | BT13: =SUM(BR13:BS13) | BW13: =IF(AND(BT13=0,BU13=0,BV13=0),0,IF(AND(BT13=0,BU13=0),BV13/1,IF(AND(BT13=0,BV13=0),BU13/1,IF(AND(BU13=0,BV13=0),BT13/1,IF(BT13=0,FLOOR((BU13+BV13)/2,0.1),IF(BU13=0,(BT13+BV13)/2,IF(BV13=0,(BU13+BT13)/2,FLOOR(((BT13+BU13+BV13)/3),0.1)))))))) | BX13: 23 | BY13: 63 | BZ13: =SUM(BX13:BY13) | CA13: 43 | CB13: 45 | CC13: =IF(AND(BZ13=0,CA13=0,CB13=0),0,IF(AND(BZ13=0,CA13=0),CB13/1,IF(AND(BZ13=0,CB13=0),CA13/1,IF(AND(CA13=0,CB13=0),BZ13/1,IF(BZ13=0,FLOOR((CA13+CB13)/2,0.1),IF(CA13=0,(BZ13+CB13)/2,IF(CB13=0,(CA13+BZ13)/2,FLOOR(((BZ13+CA13+CB13)/3),0.1)))))))) | CD13: 15 | CE13: 46 | CF13: =SUM(CD13:CE13) | CG13: 29 | CH13: 32 | CI13: =IF(AND(CF13=0,CG13=0,CH13=0),0,IF(AND(CF13=0,CG13=0),CH13/1,IF(AND(CF13=0,CH13=0),CG13/1,IF(AND(CG13=0,CH13=0),CF13/1,IF(CF13=0,FLOOR((CG13+CH13)/2,0.1),IF(CG13=0,(CF13+CH13)/2,IF(CH13=0,(CG13+CF13)/2,FLOOR(((CF13+CG13+CH13)/3),0.1)))))))) | CL13: =SUM(CJ13:CK13) | CO13: =IF(AND(CL13=0,CM13=0,CN13=0),0,IF(AND(CL13=0,CM13=0),CN13/1,IF(AND(CL13=0,CN13=0),CM13/1,IF(AND(CM13=0,CN13=0),CL13/1,IF(CL13=0,FLOOR((CM13+CN13)/2,0.1),IF(CM13=0,(CL13+CN13)/2,IF(CN13=0,(CM13+CL13)/2,FLOOR(((CL13+CM13+CN13)/3),0.1)))))))) | CP13: 19 | CQ13: 31 | CR13: =SUM(CP13:CQ13) | CS13: 42 | CT13: 44 | CU13: =IF(AND(CR13=0,CS13=0,CT13=0),0,IF(AND(CR13=0,CS13=0),CT13/1,IF(AND(CR13=0,CT13=0),CS13/1,IF(AND(CS13=0,CT13=0),CR13/1,IF(CR13=0,FLOOR((CS13+CT13)/2,0.1),IF(CS13=0,(CR13+CT13)/2,IF(CT13=0,(CS13+CR13)/2,FLOOR(((CR13+CS13+CT13)/3),0.1)))))))) | CX13: =SUM(CV13:CW13) | DA13: =IF(AND(CX13=0,CY13=0,CZ13=0),0,IF(AND(CX13=0,CY13=0),CZ13/1,IF(AND(CX13=0,CZ13=0),CY13/1,IF(AND(CY13=0,CZ13=0),CX13/1,IF(CX13=0,FLOOR((CY13+CZ13)/2,0.1),IF(CY13=0,(CX13+CZ13)/2,IF(CZ13=0,(CY13+CX13)/2,FLOOR(((CX13+CY13+CZ13)/3),0.1)))))))) | DD13: =SUM(DB13:DC13) | DG13: =IF(AND(DD13=0,DE13=0,DF13=0),0,IF(AND(DD13=0,DE13=0),DF13/1,IF(AND(DD13=0,DF13=0),DE13/1,IF(AND(DE13=0,DF13=0),DD13/1,IF(DD13=0,FLOOR((DE13+DF13)/2,0.1),IF(DE13=0,(DD13+DF13)/2,IF(DF13=0,(DE13+DD13)/2,FLOOR(((DD13+DE13+DF13)/3),0.1)))))))) | DH13: =SUM(O13,U13,AA13,AG13,AM13,AS13,AY13,BE13,BK13,BQ13,BW13,CC13,CI13,CO13,CU13,DA13,DG13) | DI13: =RANK(DH13,DH$4:DH$503) | DJ13: EXCELLENT(5) | DK13: GOOD(4) | DL13: EXCELLENT(5) | DM13: EXCELLENT(5) | DN13: GOOD(4) | DO13: GOOD(4) | DP13: GOOD(4) | DQ13: GOOD(4) | DR13: 2024/2025 | DS13: THIRD | DT13: GOOD(4) | DU13: GOOD(4) | DV13: GOOD(4) | DW13: GOOD(4) | DX13: GOOD(4) | DY13: GOOD(4) | DZ13: GOOD(4) | EA13: Needs to focus more during lessons to achieve full potential. | EB13: Promoted to JSS3 | EC13: MR. JIMOH WASIU OLATUNDE | ED13: Next Term Begins on Monday, 15th September, 2034
A14: 11 | B14: BABATUNDE HALIMAT | C14: 1996 | D14: Female | E14: JSS 2C | F14: 31 | G14: 122 | H14: 114 | I14: =G14-H14 | J14: 20 | K14: 36 | L14: =SUM(J14:K14) | M14: 32 | N14: 44 | O14: =IF(AND(L14=0,M14=0,N14=0),0,IF(AND(L14=0,M14=0),N14/1,IF(AND(L14=0,N14=0),M14/1,IF(AND(M14=0,N14=0),L14/1,IF(L14=0,FLOOR((M14+N14)/2,0.1),IF(M14=0,(L14+N14)/2,IF(N14=0,(M14+L14)/2,FLOOR(((L14+M14+N14)/3),0.1)))))))) | P14: 19 | Q14: 38 | R14: =SUM(P14:Q14) | S14: 75 | T14: 40 | U14: =IF(AND(R14=0,S14=0,T14=0),0,IF(AND(R14=0,S14=0),T14/1,IF(AND(R14=0,T14=0),S14/1,IF(AND(S14=0,T14=0),R14/1,IF(R14=0,FLOOR((S14+T14)/2,0.1),IF(S14=0,(R14+T14)/2,IF(T14=0,(S14+R14)/2,FLOOR(((R14+S14+T14)/3),0.1)))))))) | V14: 22 | W14: 28 | X14: =SUM(V14:W14) | Y14: 46 | Z14: 48 | AA14: =IF(AND(X14=0,Y14=0,Z14=0),0,IF(AND(X14=0,Y14=0),Z14/1,IF(AND(X14=0,Z14=0),Y14/1,IF(AND(Y14=0,Z14=0),X14/1,IF(X14=0,FLOOR((Y14+Z14)/2,0.1),IF(Y14=0,(X14+Z14)/2,IF(Z14=0,(Y14+X14)/2,FLOOR(((X14+Y14+Z14)/3),0.1)))))))) | AB14: 21 | AC14: 38 | AD14: =SUM(AB14:AC14) | AE14: 68 | AF14: 64 | AG14: =IF(AND(AD14=0,AE14=0,AF14=0),0,IF(AND(AD14=0,AE14=0),AF14/1,IF(AND(AD14=0,AF14=0),AE14/1,IF(AND(AE14=0,AF14=0),AD14/1,IF(AD14=0,FLOOR((AE14+AF14)/2,0.1),IF(AE14=0,(AD14+AF14)/2,IF(AF14=0,(AE14+AD14)/2,FLOOR(((AD14+AE14+AF14)/3),0.1)))))))) | AH14: 18 | AI14: 33 | AJ14: =SUM(AH14:AI14) | AK14: 39 | AL14: 20 | AM14: =IF(AND(AJ14=0,AK14=0,AL14=0),0,IF(AND(AJ14=0,AK14=0),AL14/1,IF(AND(AJ14=0,AL14=0),AK14/1,IF(AND(AK14=0,AL14=0),AJ14/1,IF(AJ14=0,FLOOR((AK14+AL14)/2,0.1),IF(AK14=0,(AJ14+AL14)/2,IF(AL14=0,(AK14+AJ14)/2,FLOOR(((AJ14+AK14+AL14)/3),0.1)))))))) | AP14: =SUM(AN14:AO14) | AS14: =IF(AND(AP14=0,AQ14=0,AR14=0),0,IF(AND(AP14=0,AQ14=0),AR14/1,IF(AND(AP14=0,AR14=0),AQ14/1,IF(AND(AQ14=0,AR14=0),AP14/1,IF(AP14=0,FLOOR((AQ14+AR14)/2,0.1),IF(AQ14=0,(AP14+AR14)/2,IF(AR14=0,(AQ14+AP14)/2,FLOOR(((AP14+AQ14+AR14)/3),0.1)))))))) | AT14: 30 | AU14: 30 | AV14: =SUM(AT14:AU14) | AW14: 55 | AX14: 45 | AY14: =IF(AND(AV14=0,AW14=0,AX14=0),0,IF(AND(AV14=0,AW14=0),AX14/1,IF(AND(AV14=0,AX14=0),AW14/1,IF(AND(AW14=0,AX14=0),AV14/1,IF(AV14=0,FLOOR((AW14+AX14)/2,0.1),IF(AW14=0,(AV14+AX14)/2,IF(AX14=0,(AW14+AV14)/2,FLOOR(((AV14+AW14+AX14)/3),0.1)))))))) | AZ14: 23 | BA14: 40 | BB14: =SUM(AZ14:BA14) | BC14: 56 | BD14: 60 | BE14: =IF(AND(BB14=0,BC14=0,BD14=0),0,IF(AND(BB14=0,BC14=0),BD14/1,IF(AND(BB14=0,BD14=0),BC14/1,IF(AND(BC14=0,BD14=0),BB14/1,IF(BB14=0,FLOOR((BC14+BD14)/2,0.1),IF(BC14=0,(BB14+BD14)/2,IF(BD14=0,(BC14+BB14)/2,FLOOR(((BB14+BC14+BD14)/3),0.1)))))))) | BF14: 16 | BG14: 55 | BH14: =SUM(BF14:BG14) | BI14: 53 | BJ14: 62 | BK14: =IF(AND(BH14=0,BI14=0,BJ14=0),0,IF(AND(BH14=0,BI14=0),BJ14/1,IF(AND(BH14=0,BJ14=0),BI14/1,IF(AND(BI14=0,BJ14=0),BH14/1,IF(BH14=0,FLOOR((BI14+BJ14)/2,0.1),IF(BI14=0,(BH14+BJ14)/2,IF(BJ14=0,(BI14+BH14)/2,FLOOR(((BH14+BI14+BJ14)/3),0.1)))))))) | BL14: 18 | BM14: 32 | BN14: =SUM(BL14:BM14) | BO14: 35 | BP14: 42 | BQ14: =IF(AND(BN14=0,BO14=0,BP14=0),0,IF(AND(BN14=0,BO14=0),BP14/1,IF(AND(BN14=0,BP14=0),BO14/1,IF(AND(BO14=0,BP14=0),BN14/1,IF(BN14=0,FLOOR((BO14+BP14)/2,0.1),IF(BO14=0,(BN14+BP14)/2,IF(BP14=0,(BO14+BN14)/2,FLOOR(((BN14+BO14+BP14)/3),0.1)))))))) | BT14: =SUM(BR14:BS14) | BW14: =IF(AND(BT14=0,BU14=0,BV14=0),0,IF(AND(BT14=0,BU14=0),BV14/1,IF(AND(BT14=0,BV14=0),BU14/1,IF(AND(BU14=0,BV14=0),BT14/1,IF(BT14=0,FLOOR((BU14+BV14)/2,0.1),IF(BU14=0,(BT14+BV14)/2,IF(BV14=0,(BU14+BT14)/2,FLOOR(((BT14+BU14+BV14)/3),0.1)))))))) | BX14: 20 | BY14: 35 | BZ14: =SUM(BX14:BY14) | CA14: 55 | CB14: 55 | CC14: =IF(AND(BZ14=0,CA14=0,CB14=0),0,IF(AND(BZ14=0,CA14=0),CB14/1,IF(AND(BZ14=0,CB14=0),CA14/1,IF(AND(CA14=0,CB14=0),BZ14/1,IF(BZ14=0,FLOOR((CA14+CB14)/2,0.1),IF(CA14=0,(BZ14+CB14)/2,IF(CB14=0,(CA14+BZ14)/2,FLOOR(((BZ14+CA14+CB14)/3),0.1)))))))) | CD14: 13 | CE14: 51 | CF14: =SUM(CD14:CE14) | CG14: 31 | CH14: 64 | CI14: =IF(AND(CF14=0,CG14=0,CH14=0),0,IF(AND(CF14=0,CG14=0),CH14/1,IF(AND(CF14=0,CH14=0),CG14/1,IF(AND(CG14=0,CH14=0),CF14/1,IF(CF14=0,FLOOR((CG14+CH14)/2,0.1),IF(CG14=0,(CF14+CH14)/2,IF(CH14=0,(CG14+CF14)/2,FLOOR(((CF14+CG14+CH14)/3),0.1)))))))) | CL14: =SUM(CJ14:CK14) | CO14: =IF(AND(CL14=0,CM14=0,CN14=0),0,IF(AND(CL14=0,CM14=0),CN14/1,IF(AND(CL14=0,CN14=0),CM14/1,IF(AND(CM14=0,CN14=0),CL14/1,IF(CL14=0,FLOOR((CM14+CN14)/2,0.1),IF(CM14=0,(CL14+CN14)/2,IF(CN14=0,(CM14+CL14)/2,FLOOR(((CL14+CM14+CN14)/3),0.1)))))))) | CP14: 21 | CQ14: 44 | CR14: =SUM(CP14:CQ14) | CS14: 47 | CT14: 20 | CU14: =IF(AND(CR14=0,CS14=0,CT14=0),0,IF(AND(CR14=0,CS14=0),CT14/1,IF(AND(CR14=0,CT14=0),CS14/1,IF(AND(CS14=0,CT14=0),CR14/1,IF(CR14=0,FLOOR((CS14+CT14)/2,0.1),IF(CS14=0,(CR14+CT14)/2,IF(CT14=0,(CS14+CR14)/2,FLOOR(((CR14+CS14+CT14)/3),0.1)))))))) | CX14: =SUM(CV14:CW14) | DA14: =IF(AND(CX14=0,CY14=0,CZ14=0),0,IF(AND(CX14=0,CY14=0),CZ14/1,IF(AND(CX14=0,CZ14=0),CY14/1,IF(AND(CY14=0,CZ14=0),CX14/1,IF(CX14=0,FLOOR((CY14+CZ14)/2,0.1),IF(CY14=0,(CX14+CZ14)/2,IF(CZ14=0,(CY14+CX14)/2,FLOOR(((CX14+CY14+CZ14)/3),0.1)))))))) | DD14: =SUM(DB14:DC14) | DG14: =IF(AND(DD14=0,DE14=0,DF14=0),0,IF(AND(DD14=0,DE14=0),DF14/1,IF(AND(DD14=0,DF14=0),DE14/1,IF(AND(DE14=0,DF14=0),DD14/1,IF(DD14=0,FLOOR((DE14+DF14)/2,0.1),IF(DE14=0,(DD14+DF14)/2,IF(DF14=0,(DE14+DD14)/2,FLOOR(((DD14+DE14+DF14)/3),0.1)))))))) | DH14: =SUM(O14,U14,AA14,AG14,AM14,AS14,AY14,BE14,BK14,BQ14,BW14,CC14,CI14,CO14,CU14,DA14,DG14) | DI14: =RANK(DH14,DH$4:DH$503) | DJ14: FAIR(1) | DK14: FAIR(1) | DL14: FAIR(1) | DM14: FAIR(1) | DN14: FAIR(1) | DO14: GOOD(4) | DP14: GOOD(4) | DQ14: GOOD(4) | DR14: 2024/2025 | DS14: THIRD | DT14: GOOD(4) | DU14: GOOD(4) | DV14: GOOD(4) | DW14: GOOD(4) | DX14: GOOD(4) | DY14: GOOD(4) | DZ14: GOOD(4) | EB14: Promoted to JSS3 | EC14: MR. JIMOH WASIU OLATUNDE | ED14: Next Term Begins on Monday, 15th September, 2035
A15: 12 | B15: DAVID SERAH ERIOLUWA | C15: 1831 | D15: Female | E15: JSS 2C | F15: 31 | G15: 122 | H15: 116 | I15: =G15-H15 | J15: 30 | K15: 38 | L15: =SUM(J15:K15) | M15: 26 | N15: 25 | O15: =IF(AND(L15=0,M15=0,N15=0),0,IF(AND(L15=0,M15=0),N15/1,IF(AND(L15=0,N15=0),M15/1,IF(AND(M15=0,N15=0),L15/1,IF(L15=0,FLOOR((M15+N15)/2,0.1),IF(M15=0,(L15+N15)/2,IF(N15=0,(M15+L15)/2,FLOOR(((L15+M15+N15)/3),0.1)))))))) | P15: 21 | Q15: 13 | R15: =SUM(P15:Q15) | S15: 68 | T15: 58 | U15: =IF(AND(R15=0,S15=0,T15=0),0,IF(AND(R15=0,S15=0),T15/1,IF(AND(R15=0,T15=0),S15/1,IF(AND(S15=0,T15=0),R15/1,IF(R15=0,FLOOR((S15+T15)/2,0.1),IF(S15=0,(R15+T15)/2,IF(T15=0,(S15+R15)/2,FLOOR(((R15+S15+T15)/3),0.1)))))))) | V15: 23 | W15: 16 | X15: =SUM(V15:W15) | Y15: 59 | Z15: 49 | AA15: =IF(AND(X15=0,Y15=0,Z15=0),0,IF(AND(X15=0,Y15=0),Z15/1,IF(AND(X15=0,Z15=0),Y15/1,IF(AND(Y15=0,Z15=0),X15/1,IF(X15=0,FLOOR((Y15+Z15)/2,0.1),IF(Y15=0,(X15+Z15)/2,IF(Z15=0,(Y15+X15)/2,FLOOR(((X15+Y15+Z15)/3),0.1)))))))) | AB15: 16 | AC15: 29 | AD15: =SUM(AB15:AC15) | AE15: 50 | AF15: 48 | AG15: =IF(AND(AD15=0,AE15=0,AF15=0),0,IF(AND(AD15=0,AE15=0),AF15/1,IF(AND(AD15=0,AF15=0),AE15/1,IF(AND(AE15=0,AF15=0),AD15/1,IF(AD15=0,FLOOR((AE15+AF15)/2,0.1),IF(AE15=0,(AD15+AF15)/2,IF(AF15=0,(AE15+AD15)/2,FLOOR(((AD15+AE15+AF15)/3),0.1)))))))) | AH15: 18 | AI15: 42 | AJ15: =SUM(AH15:AI15) | AK15: 52 | AL15: 44 | AM15: =IF(AND(AJ15=0,AK15=0,AL15=0),0,IF(AND(AJ15=0,AK15=0),AL15/1,IF(AND(AJ15=0,AL15=0),AK15/1,IF(AND(AK15=0,AL15=0),AJ15/1,IF(AJ15=0,FLOOR((AK15+AL15)/2,0.1),IF(AK15=0,(AJ15+AL15)/2,IF(AL15=0,(AK15+AJ15)/2,FLOOR(((AJ15+AK15+AL15)/3),0.1)))))))) | AP15: =SUM(AN15:AO15) | AS15: =IF(AND(AP15=0,AQ15=0,AR15=0),0,IF(AND(AP15=0,AQ15=0),AR15/1,IF(AND(AP15=0,AR15=0),AQ15/1,IF(AND(AQ15=0,AR15=0),AP15/1,IF(AP15=0,FLOOR((AQ15+AR15)/2,0.1),IF(AQ15=0,(AP15+AR15)/2,IF(AR15=0,(AQ15+AP15)/2,FLOOR(((AP15+AQ15+AR15)/3),0.1)))))))) | AT15: 29 | AU15: 32 | AV15: =SUM(AT15:AU15) | AW15: 45 | AX15: 57 | AY15: =IF(AND(AV15=0,AW15=0,AX15=0),0,IF(AND(AV15=0,AW15=0),AX15/1,IF(AND(AV15=0,AX15=0),AW15/1,IF(AND(AW15=0,AX15=0),AV15/1,IF(AV15=0,FLOOR((AW15+AX15)/2,0.1),IF(AW15=0,(AV15+AX15)/2,IF(AX15=0,(AW15+AV15)/2,FLOOR(((AV15+AW15+AX15)/3),0.1)))))))) | AZ15: 23 | BA15: 26 | BB15: =SUM(AZ15:BA15) | BC15: 59 | BD15: 54 | BE15: =IF(AND(BB15=0,BC15=0,BD15=0),0,IF(AND(BB15=0,BC15=0),BD15/1,IF(AND(BB15=0,BD15=0),BC15/1,IF(AND(BC15=0,BD15=0),BB15/1,IF(BB15=0,FLOOR((BC15+BD15)/2,0.1),IF(BC15=0,(BB15+BD15)/2,IF(BD15=0,(BC15+BB15)/2,FLOOR(((BB15+BC15+BD15)/3),0.1)))))))) | BF15: 16 | BG15: 38 | BH15: =SUM(BF15:BG15) | BI15: 60 | BJ15: 44 | BK15: =IF(AND(BH15=0,BI15=0,BJ15=0),0,IF(AND(BH15=0,BI15=0),BJ15/1,IF(AND(BH15=0,BJ15=0),BI15/1,IF(AND(BI15=0,BJ15=0),BH15/1,IF(BH15=0,FLOOR((BI15+BJ15)/2,0.1),IF(BI15=0,(BH15+BJ15)/2,IF(BJ15=0,(BI15+BH15)/2,FLOOR(((BH15+BI15+BJ15)/3),0.1)))))))) | BL15: 15 | BM15: 39 | BN15: =SUM(BL15:BM15) | BO15: 24 | BP15: 57 | BQ15: =IF(AND(BN15=0,BO15=0,BP15=0),0,IF(AND(BN15=0,BO15=0),BP15/1,IF(AND(BN15=0,BP15=0),BO15/1,IF(AND(BO15=0,BP15=0),BN15/1,IF(BN15=0,FLOOR((BO15+BP15)/2,0.1),IF(BO15=0,(BN15+BP15)/2,IF(BP15=0,(BO15+BN15)/2,FLOOR(((BN15+BO15+BP15)/3),0.1)))))))) | BT15: =SUM(BR15:BS15) | BW15: =IF(AND(BT15=0,BU15=0,BV15=0),0,IF(AND(BT15=0,BU15=0),BV15/1,IF(AND(BT15=0,BV15=0),BU15/1,IF(AND(BU15=0,BV15=0),BT15/1,IF(BT15=0,FLOOR((BU15+BV15)/2,0.1),IF(BU15=0,(BT15+BV15)/2,IF(BV15=0,(BU15+BT15)/2,FLOOR(((BT15+BU15+BV15)/3),0.1)))))))) | BX15: 23 | BY15: 69 | BZ15: =SUM(BX15:BY15) | CA15: 49 | CB15: 54 | CC15: =IF(AND(BZ15=0,CA15=0,CB15=0),0,IF(AND(BZ15=0,CA15=0),CB15/1,IF(AND(BZ15=0,CB15=0),CA15/1,IF(AND(CA15=0,CB15=0),BZ15/1,IF(BZ15=0,FLOOR((CA15+CB15)/2,0.1),IF(CA15=0,(BZ15+CB15)/2,IF(CB15=0,(CA15+BZ15)/2,FLOOR(((BZ15+CA15+CB15)/3),0.1)))))))) | CD15: 17 | CE15: 49 | CF15: =SUM(CD15:CE15) | CG15: 32 | CH15: 25 | CI15: =IF(AND(CF15=0,CG15=0,CH15=0),0,IF(AND(CF15=0,CG15=0),CH15/1,IF(AND(CF15=0,CH15=0),CG15/1,IF(AND(CG15=0,CH15=0),CF15/1,IF(CF15=0,FLOOR((CG15+CH15)/2,0.1),IF(CG15=0,(CF15+CH15)/2,IF(CH15=0,(CG15+CF15)/2,FLOOR(((CF15+CG15+CH15)/3),0.1)))))))) | CL15: =SUM(CJ15:CK15) | CO15: =IF(AND(CL15=0,CM15=0,CN15=0),0,IF(AND(CL15=0,CM15=0),CN15/1,IF(AND(CL15=0,CN15=0),CM15/1,IF(AND(CM15=0,CN15=0),CL15/1,IF(CL15=0,FLOOR((CM15+CN15)/2,0.1),IF(CM15=0,(CL15+CN15)/2,IF(CN15=0,(CM15+CL15)/2,FLOOR(((CL15+CM15+CN15)/3),0.1)))))))) | CR15: =SUM(CP15:CQ15) | CU15: =IF(AND(CR15=0,CS15=0,CT15=0),0,IF(AND(CR15=0,CS15=0),CT15/1,IF(AND(CR15=0,CT15=0),CS15/1,IF(AND(CS15=0,CT15=0),CR15/1,IF(CR15=0,FLOOR((CS15+CT15)/2,0.1),IF(CS15=0,(CR15+CT15)/2,IF(CT15=0,(CS15+CR15)/2,FLOOR(((CR15+CS15+CT15)/3),0.1)))))))) | CV15: 30 | CW15: 30 | CX15: =SUM(CV15:CW15) | CY15: 52 | CZ15: 53 | DA15: =IF(AND(CX15=0,CY15=0,CZ15=0),0,IF(AND(CX15=0,CY15=0),CZ15/1,IF(AND(CX15=0,CZ15=0),CY15/1,IF(AND(CY15=0,CZ15=0),CX15/1,IF(CX15=0,FLOOR((CY15+CZ15)/2,0.1),IF(CY15=0,(CX15+CZ15)/2,IF(CZ15=0,(CY15+CX15)/2,FLOOR(((CX15+CY15+CZ15)/3),0.1)))))))) | DD15: =SUM(DB15:DC15) | DG15: =IF(AND(DD15=0,DE15=0,DF15=0),0,IF(AND(DD15=0,DE15=0),DF15/1,IF(AND(DD15=0,DF15=0),DE15/1,IF(AND(DE15=0,DF15=0),DD15/1,IF(DD15=0,FLOOR((DE15+DF15)/2,0.1),IF(DE15=0,(DD15+DF15)/2,IF(DF15=0,(DE15+DD15)/2,FLOOR(((DD15+DE15+DF15)/3),0.1)))))))) | DH15: =SUM(O15,U15,AA15,AG15,AM15,AS15,AY15,BE15,BK15,BQ15,BW15,CC15,CI15,CO15,CU15,DA15,DG15) | DI15: =RANK(DH15,DH$4:DH$503) | DJ15: EXCELLENT(5) | DK15: GOOD(4) | DL15: EXCELLENT(5) | DM15: EXCELLENT(5) | DN15: GOOD(4) | DO15: GOOD(4) | DP15: GOOD(4) | DQ15: GOOD(4) | DR15: 2024/2025 | DS15: THIRD | DT15: GOOD(4) | DU15: GOOD(4) | DV15: GOOD(4) | DW15: GOOD(4) | DX15: GOOD(4) | DY15: GOOD(4) | DZ15: GOOD(4) | EA15: Completes assignments on time and with care. | EB15: Promoted to JSS3 | EC15: MR. JIMOH WASIU OLATUNDE | ED15: Next Term Begins on Monday, 15th September, 2036
A16: 13 | B16: HANNATU AYUBA | C16: 1894 | D16: Male | E16: JSS 2C | F16: 31 | G16: 122 | H16: 0 | I16: =G16-H16 | J16: 20 | K16: 15 | L16: =SUM(J16:K16) | M16: 20 | N16: 38 | O16: =IF(AND(L16=0,M16=0,N16=0),0,IF(AND(L16=0,M16=0),N16/1,IF(AND(L16=0,N16=0),M16/1,IF(AND(M16=0,N16=0),L16/1,IF(L16=0,FLOOR((M16+N16)/2,0.1),IF(M16=0,(L16+N16)/2,IF(N16=0,(M16+L16)/2,FLOOR(((L16+M16+N16)/3),0.1)))))))) | P16: 18 | Q16: 35 | R16: =SUM(P16:Q16) | S16: 37 | T16: 68 | U16: =IF(AND(R16=0,S16=0,T16=0),0,IF(AND(R16=0,S16=0),T16/1,IF(AND(R16=0,T16=0),S16/1,IF(AND(S16=0,T16=0),R16/1,IF(R16=0,FLOOR((S16+T16)/2,0.1),IF(S16=0,(R16+T16)/2,IF(T16=0,(S16+R16)/2,FLOOR(((R16+S16+T16)/3),0.1)))))))) | V16: 20 | W16: 10 | X16: =SUM(V16:W16) | Y16: 20 | Z16: 25 | AA16: =IF(AND(X16=0,Y16=0,Z16=0),0,IF(AND(X16=0,Y16=0),Z16/1,IF(AND(X16=0,Z16=0),Y16/1,IF(AND(Y16=0,Z16=0),X16/1,IF(X16=0,FLOOR((Y16+Z16)/2,0.1),IF(Y16=0,(X16+Z16)/2,IF(Z16=0,(Y16+X16)/2,FLOOR(((X16+Y16+Z16)/3),0.1)))))))) | AB16: 18 | AC16: 35 | AD16: =SUM(AB16:AC16) | AE16: 38 | AF16: 68 | AG16: =IF(AND(AD16=0,AE16=0,AF16=0),0,IF(AND(AD16=0,AE16=0),AF16/1,IF(AND(AD16=0,AF16=0),AE16/1,IF(AND(AE16=0,AF16=0),AD16/1,IF(AD16=0,FLOOR((AE16+AF16)/2,0.1),IF(AE16=0,(AD16+AF16)/2,IF(AF16=0,(AE16+AD16)/2,FLOOR(((AD16+AE16+AF16)/3),0.1)))))))) | AH16: 10 | AI16: 15 | AJ16: =SUM(AH16:AI16) | AK16: 15 | AL16: 10 | AM16: =IF(AND(AJ16=0,AK16=0,AL16=0),0,IF(AND(AJ16=0,AK16=0),AL16/1,IF(AND(AJ16=0,AL16=0),AK16/1,IF(AND(AK16=0,AL16=0),AJ16/1,IF(AJ16=0,FLOOR((AK16+AL16)/2,0.1),IF(AK16=0,(AJ16+AL16)/2,IF(AL16=0,(AK16+AJ16)/2,FLOOR(((AJ16+AK16+AL16)/3),0.1)))))))) | AP16: =SUM(AN16:AO16) | AS16: =IF(AND(AP16=0,AQ16=0,AR16=0),0,IF(AND(AP16=0,AQ16=0),AR16/1,IF(AND(AP16=0,AR16=0),AQ16/1,IF(AND(AQ16=0,AR16=0),AP16/1,IF(AP16=0,FLOOR((AQ16+AR16)/2,0.1),IF(AQ16=0,(AP16+AR16)/2,IF(AR16=0,(AQ16+AP16)/2,FLOOR(((AP16+AQ16+AR16)/3),0.1)))))))) | AT16: 14 | AU16: 25 | AV16: =SUM(AT16:AU16) | AW16: 39 | AX16: 39 | AY16: =IF(AND(AV16=0,AW16=0,AX16=0),0,IF(AND(AV16=0,AW16=0),AX16/1,IF(AND(AV16=0,AX16=0),AW16/1,IF(AND(AW16=0,AX16=0),AV16/1,IF(AV16=0,FLOOR((AW16+AX16)/2,0.1),IF(AW16=0,(AV16+AX16)/2,IF(AX16=0,(AW16+AV16)/2,FLOOR(((AV16+AW16+AX16)/3),0.1)))))))) | AZ16: 11 | BA16: 12 | BB16: =SUM(AZ16:BA16) | BC16: 21 | BD16: 14 | BE16: =IF(AND(BB16=0,BC16=0,BD16=0),0,IF(AND(BB16=0,BC16=0),BD16/1,IF(AND(BB16=0,BD16=0),BC16/1,IF(AND(BC16=0,BD16=0),BB16/1,IF(BB16=0,FLOOR((BC16+BD16)/2,0.1),IF(BC16=0,(BB16+BD16)/2,IF(BD16=0,(BC16+BB16)/2,FLOOR(((BB16+BC16+BD16)/3),0.1)))))))) | BF16: 1 | BG16: 38 | BH16: =SUM(BF16:BG16) | BI16: 60 | BJ16: 44 | BK16: =IF(AND(BH16=0,BI16=0,BJ16=0),0,IF(AND(BH16=0,BI16=0),BJ16/1,IF(AND(BH16=0,BJ16=0),BI16/1,IF(AND(BI16=0,BJ16=0),BH16/1,IF(BH16=0,FLOOR((BI16+BJ16)/2,0.1),IF(BI16=0,(BH16+BJ16)/2,IF(BJ16=0,(BI16+BH16)/2,FLOOR(((BH16+BI16+BJ16)/3),0.1)))))))) | BL16: 15 | BM16: 13 | BN16: =SUM(BL16:BM16) | BO16: 13 | BP16: 16 | BQ16: =IF(AND(BN16=0,BO16=0,BP16=0),0,IF(AND(BN16=0,BO16=0),BP16/1,IF(AND(BN16=0,BP16=0),BO16/1,IF(AND(BO16=0,BP16=0),BN16/1,IF(BN16=0,FLOOR((BO16+BP16)/2,0.1),IF(BO16=0,(BN16+BP16)/2,IF(BP16=0,(BO16+BN16)/2,FLOOR(((BN16+BO16+BP16)/3),0.1)))))))) | BT16: =SUM(BR16:BS16) | BW16: =IF(AND(BT16=0,BU16=0,BV16=0),0,IF(AND(BT16=0,BU16=0),BV16/1,IF(AND(BT16=0,BV16=0),BU16/1,IF(AND(BU16=0,BV16=0),BT16/1,IF(BT16=0,FLOOR((BU16+BV16)/2,0.1),IF(BU16=0,(BT16+BV16)/2,IF(BV16=0,(BU16+BT16)/2,FLOOR(((BT16+BU16+BV16)/3),0.1)))))))) | BX16: 24 | BY16: 70 | BZ16: =SUM(BX16:BY16) | CA16: 22 | CB16: 61 | CC16: =IF(AND(BZ16=0,CA16=0,CB16=0),0,IF(AND(BZ16=0,CA16=0),CB16/1,IF(AND(BZ16=0,CB16=0),CA16/1,IF(AND(CA16=0,CB16=0),BZ16/1,IF(BZ16=0,FLOOR((CA16+CB16)/2,0.1),IF(CA16=0,(BZ16+CB16)/2,IF(CB16=0,(CA16+BZ16)/2,FLOOR(((BZ16+CA16+CB16)/3),0.1)))))))) | CD16: 17 | CE16: 12 | CF16: =SUM(CD16:CE16) | CG16: 13 | CH16: 43 | CI16: =IF(AND(CF16=0,CG16=0,CH16=0),0,IF(AND(CF16=0,CG16=0),CH16/1,IF(AND(CF16=0,CH16=0),CG16/1,IF(AND(CG16=0,CH16=0),CF16/1,IF(CF16=0,FLOOR((CG16+CH16)/2,0.1),IF(CG16=0,(CF16+CH16)/2,IF(CH16=0,(CG16+CF16)/2,FLOOR(((CF16+CG16+CH16)/3),0.1)))))))) | CL16: =SUM(CJ16:CK16) | CO16: =IF(AND(CL16=0,CM16=0,CN16=0),0,IF(AND(CL16=0,CM16=0),CN16/1,IF(AND(CL16=0,CN16=0),CM16/1,IF(AND(CM16=0,CN16=0),CL16/1,IF(CL16=0,FLOOR((CM16+CN16)/2,0.1),IF(CM16=0,(CL16+CN16)/2,IF(CN16=0,(CM16+CL16)/2,FLOOR(((CL16+CM16+CN16)/3),0.1)))))))) | CP16: 12 | CQ16: 38 | CR16: =SUM(CP16:CQ16) | CS16: 42 | CT16: 40 | CU16: =IF(AND(CR16=0,CS16=0,CT16=0),0,IF(AND(CR16=0,CS16=0),CT16/1,IF(AND(CR16=0,CT16=0),CS16/1,IF(AND(CS16=0,CT16=0),CR16/1,IF(CR16=0,FLOOR((CS16+CT16)/2,0.1),IF(CS16=0,(CR16+CT16)/2,IF(CT16=0,(CS16+CR16)/2,FLOOR(((CR16+CS16+CT16)/3),0.1)))))))) | CX16: =SUM(CV16:CW16) | DA16: =IF(AND(CX16=0,CY16=0,CZ16=0),0,IF(AND(CX16=0,CY16=0),CZ16/1,IF(AND(CX16=0,CZ16=0),CY16/1,IF(AND(CY16=0,CZ16=0),CX16/1,IF(CX16=0,FLOOR((CY16+CZ16)/2,0.1),IF(CY16=0,(CX16+CZ16)/2,IF(CZ16=0,(CY16+CX16)/2,FLOOR(((CX16+CY16+CZ16)/3),0.1)))))))) | DD16: =SUM(DB16:DC16) | DG16: =IF(AND(DD16=0,DE16=0,DF16=0),0,IF(AND(DD16=0,DE16=0),DF16/1,IF(AND(DD16=0,DF16=0),DE16/1,IF(AND(DE16=0,DF16=0),DD16/1,IF(DD16=0,FLOOR((DE16+DF16)/2,0.1),IF(DE16=0,(DD16+DF16)/2,IF(DF16=0,(DE16+DD16)/2,FLOOR(((DD16+DE16+DF16)/3),0.1)))))))) | DH16: =SUM(O16,U16,AA16,AG16,AM16,AS16,AY16,BE16,BK16,BQ16,BW16,CC16,CI16,CO16,CU16,DA16,DG16) | DI16: =RANK(DH16,DH$4:DH$503) | DJ16: GOOD(4) | DK16: GOOD(4) | DL16: GOOD(4) | DM16: EXCELLENT(5) | DN16: GOOD(4) | DO16: GOOD(4) | DP16: GOOD(4) | DQ16: GOOD(4) | DR16: 2024/2025 | DS16: THIRD | DT16: GOOD(4) | DU16: GOOD(4) | DV16: GOOD(4) | DW16: GOOD(4) | DX16: GOOD(4) | DY16: GOOD(4) | DZ16: GOOD(4) | EA16: Demonstrates a positive attitude and respect for rules. | EB16: To repeat JSS2 | EC16: MR. JIMOH WASIU OLATUNDE | ED16: Next Term Begins on Monday, 15th September, 2037
A17: 14 | B17: HASSAN ABDULKAREEM | C17: 1896 | D17: Male | E17: JSS 2C | F17: 31 | G17: 122 | H17: 0 | I17: =G17-H17 | J17: 12 | K17: 14 | L17: =SUM(J17:K17) | M17: 37 | N17: 25 | O17: =IF(AND(L17=0,M17=0,N17=0),0,IF(AND(L17=0,M17=0),N17/1,IF(AND(L17=0,N17=0),M17/1,IF(AND(M17=0,N17=0),L17/1,IF(L17=0,FLOOR((M17+N17)/2,0.1),IF(M17=0,(L17+N17)/2,IF(N17=0,(M17+L17)/2,FLOOR(((L17+M17+N17)/3),0.1)))))))) | P17: 11 | Q17: 22 | R17: =SUM(P17:Q17) | S17: 32 | T17: 34 | U17: =IF(AND(R17=0,S17=0,T17=0),0,IF(AND(R17=0,S17=0),T17/1,IF(AND(R17=0,T17=0),S17/1,IF(AND(S17=0,T17=0),R17/1,IF(R17=0,FLOOR((S17+T17)/2,0.1),IF(S17=0,(R17+T17)/2,IF(T17=0,(S17+R17)/2,FLOOR(((R17+S17+T17)/3),0.1)))))))) | V17: 10 | W17: 10 | X17: =SUM(V17:W17) | Y17: 13 | Z17: 16 | AA17: =IF(AND(X17=0,Y17=0,Z17=0),0,IF(AND(X17=0,Y17=0),Z17/1,IF(AND(X17=0,Z17=0),Y17/1,IF(AND(Y17=0,Z17=0),X17/1,IF(X17=0,FLOOR((Y17+Z17)/2,0.1),IF(Y17=0,(X17+Z17)/2,IF(Z17=0,(Y17+X17)/2,FLOOR(((X17+Y17+Z17)/3),0.1)))))))) | AB17: 16 | AC17: 25 | AD17: =SUM(AB17:AC17) | AE17: 41 | AF17: 41 | AG17: =IF(AND(AD17=0,AE17=0,AF17=0),0,IF(AND(AD17=0,AE17=0),AF17/1,IF(AND(AD17=0,AF17=0),AE17/1,IF(AND(AE17=0,AF17=0),AD17/1,IF(AD17=0,FLOOR((AE17+AF17)/2,0.1),IF(AE17=0,(AD17+AF17)/2,IF(AF17=0,(AE17+AD17)/2,FLOOR(((AD17+AE17+AF17)/3),0.1)))))))) | AH17: 11 | AI17: 22 | AJ17: =SUM(AH17:AI17) | AK17: 32 | AL17: 34 | AM17: =IF(AND(AJ17=0,AK17=0,AL17=0),0,IF(AND(AJ17=0,AK17=0),AL17/1,IF(AND(AJ17=0,AL17=0),AK17/1,IF(AND(AK17=0,AL17=0),AJ17/1,IF(AJ17=0,FLOOR((AK17+AL17)/2,0.1),IF(AK17=0,(AJ17+AL17)/2,IF(AL17=0,(AK17+AJ17)/2,FLOOR(((AJ17+AK17+AL17)/3),0.1)))))))) | AP17: =SUM(AN17:AO17) | AS17: =IF(AND(AP17=0,AQ17=0,AR17=0),0,IF(AND(AP17=0,AQ17=0),AR17/1,IF(AND(AP17=0,AR17=0),AQ17/1,IF(AND(AQ17=0,AR17=0),AP17/1,IF(AP17=0,FLOOR((AQ17+AR17)/2,0.1),IF(AQ17=0,(AP17+AR17)/2,IF(AR17=0,(AQ17+AP17)/2,FLOOR(((AP17+AQ17+AR17)/3),0.1)))))))) | AT17: 14 | AU17: 25 | AV17: =SUM(AT17:AU17) | AW17: 39 | AX17: 39 | AY17: =IF(AND(AV17=0,AW17=0,AX17=0),0,IF(AND(AV17=0,AW17=0),AX17/1,IF(AND(AV17=0,AX17=0),AW17/1,IF(AND(AW17=0,AX17=0),AV17/1,IF(AV17=0,FLOOR((AW17+AX17)/2,0.1),IF(AW17=0,(AV17+AX17)/2,IF(AX17=0,(AW17+AV17)/2,FLOOR(((AV17+AW17+AX17)/3),0.1)))))))) | AZ17: 10 | BA17: 27 | BB17: =SUM(AZ17:BA17) | BC17: 37 | BD17: 37 | BE17: =IF(AND(BB17=0,BC17=0,BD17=0),0,IF(AND(BB17=0,BC17=0),BD17/1,IF(AND(BB17=0,BD17=0),BC17/1,IF(AND(BC17=0,BD17=0),BB17/1,IF(BB17=0,FLOOR((BC17+BD17)/2,0.1),IF(BC17=0,(BB17+BD17)/2,IF(BD17=0,(BC17+BB17)/2,FLOOR(((BB17+BC17+BD17)/3),0.1)))))))) | BF17: 10 | BG17: 29 | BH17: =SUM(BF17:BG17) | BI17: 39 | BJ17: 39 | BK17: =IF(AND(BH17=0,BI17=0,BJ17=0),0,IF(AND(BH17=0,BI17=0),BJ17/1,IF(AND(BH17=0,BJ17=0),BI17/1,IF(AND(BI17=0,BJ17=0),BH17/1,IF(BH17=0,FLOOR((BI17+BJ17)/2,0.1),IF(BI17=0,(BH17+BJ17)/2,IF(BJ17=0,(BI17+BH17)/2,FLOOR(((BH17+BI17+BJ17)/3),0.1)))))))) | BL17: 15 | BM17: 13 | BN17: =SUM(BL17:BM17) | BO17: 13 | BP17: 16 | BQ17: =IF(AND(BN17=0,BO17=0,BP17=0),0,IF(AND(BN17=0,BO17=0),BP17/1,IF(AND(BN17=0,BP17=0),BO17/1,IF(AND(BO17=0,BP17=0),BN17/1,IF(BN17=0,FLOOR((BO17+BP17)/2,0.1),IF(BO17=0,(BN17+BP17)/2,IF(BP17=0,(BO17+BN17)/2,FLOOR(((BN17+BO17+BP17)/3),0.1)))))))) | BT17: =SUM(BR17:BS17) | BW17: =IF(AND(BT17=0,BU17=0,BV17=0),0,IF(AND(BT17=0,BU17=0),BV17/1,IF(AND(BT17=0,BV17=0),BU17/1,IF(AND(BU17=0,BV17=0),BT17/1,IF(BT17=0,FLOOR((BU17+BV17)/2,0.1),IF(BU17=0,(BT17+BV17)/2,IF(BV17=0,(BU17+BT17)/2,FLOOR(((BT17+BU17+BV17)/3),0.1)))))))) | BX17: 15 | BY17: 35 | BZ17: =SUM(BX17:BY17) | CA17: 22 | CB17: 13 | CC17: =IF(AND(BZ17=0,CA17=0,CB17=0),0,IF(AND(BZ17=0,CA17=0),CB17/1,IF(AND(BZ17=0,CB17=0),CA17/1,IF(AND(CA17=0,CB17=0),BZ17/1,IF(BZ17=0,FLOOR((CA17+CB17)/2,0.1),IF(CA17=0,(BZ17+CB17)/2,IF(CB17=0,(CA17+BZ17)/2,FLOOR(((BZ17+CA17+CB17)/3),0.1)))))))) | CD17: 11 | CE17: 12 | CF17: =SUM(CD17:CE17) | CG17: 14 | CH17: 13 | CI17: =IF(AND(CF17=0,CG17=0,CH17=0),0,IF(AND(CF17=0,CG17=0),CH17/1,IF(AND(CF17=0,CH17=0),CG17/1,IF(AND(CG17=0,CH17=0),CF17/1,IF(CF17=0,FLOOR((CG17+CH17)/2,0.1),IF(CG17=0,(CF17+CH17)/2,IF(CH17=0,(CG17+CF17)/2,FLOOR(((CF17+CG17+CH17)/3),0.1)))))))) | CL17: =SUM(CJ17:CK17) | CO17: =IF(AND(CL17=0,CM17=0,CN17=0),0,IF(AND(CL17=0,CM17=0),CN17/1,IF(AND(CL17=0,CN17=0),CM17/1,IF(AND(CM17=0,CN17=0),CL17/1,IF(CL17=0,FLOOR((CM17+CN17)/2,0.1),IF(CM17=0,(CL17+CN17)/2,IF(CN17=0,(CM17+CL17)/2,FLOOR(((CL17+CM17+CN17)/3),0.1)))))))) | CP17: 10 | CQ17: 29 | CR17: =SUM(CP17:CQ17) | CS17: 24 | CT17: 23 | CU17: =IF(AND(CR17=0,CS17=0,CT17=0),0,IF(AND(CR17=0,CS17=0),CT17/1,IF(AND(CR17=0,CT17=0),CS17/1,IF(AND(CS17=0,CT17=0),CR17/1,IF(CR17=0,FLOOR((CS17+CT17)/2,0.1),IF(CS17=0,(CR17+CT17)/2,IF(CT17=0,(CS17+CR17)/2,FLOOR(((CR17+CS17+CT17)/3),0.1)))))))) | CX17: =SUM(CV17:CW17) | DA17: =IF(AND(CX17=0,CY17=0,CZ17=0),0,IF(AND(CX17=0,CY17=0),CZ17/1,IF(AND(CX17=0,CZ17=0),CY17/1,IF(AND(CY17=0,CZ17=0),CX17/1,IF(CX17=0,FLOOR((CY17+CZ17)/2,0.1),IF(CY17=0,(CX17+CZ17)/2,IF(CZ17=0,(CY17+CX17)/2,FLOOR(((CX17+CY17+CZ17)/3),0.1)))))))) | DD17: =SUM(DB17:DC17) | DG17: =IF(AND(DD17=0,DE17=0,DF17=0),0,IF(AND(DD17=0,DE17=0),DF17/1,IF(AND(DD17=0,DF17=0),DE17/1,IF(AND(DE17=0,DF17=0),DD17/1,IF(DD17=0,FLOOR((DE17+DF17)/2,0.1),IF(DE17=0,(DD17+DF17)/2,IF(DF17=0,(DE17+DD17)/2,FLOOR(((DD17+DE17+DF17)/3),0.1)))))))) | DH17: =SUM(O17,U17,AA17,AG17,AM17,AS17,AY17,BE17,BK17,BQ17,BW17,CC17,CI17,CO17,CU17,DA17,DG17) | DI17: =RANK(DH17,DH$4:DH$503) | DJ17: FAIR(1) | DK17: GOOD(4) | DL17: GOOD(4) | DM17: EXCELLENT(5) | DN17: GOOD(4) | DO17: GOOD(4) | DP17: GOOD(4) | DQ17: GOOD(4) | DR17: 2024/2025 | DS17: THIRD | DT17: GOOD(4) | DU17: GOOD(4) | DV17: GOOD(4) | DW17: GOOD(4) | DX17: GOOD(4) | DY17: GOOD(4) | DZ17: GOOD(4) | EA17: Needs to focus more during lessons to achieve full potential. | EB17: To repeat JSS2 | EC17: MR. JIMOH WASIU OLATUNDE | ED17: Next Term Begins on Monday, 15th September, 2038
A18: 15 | B18: JAMIU ASIAT ATOKE | C18: 1806 | D18: Female | E18: JSS 2C | F18: 31 | G18: 122 | H18: 114 | I18: =G18-H18 | J18: 20 | K18: 28 | L18: =SUM(J18:K18) | M18: 31 | N18: 34 | O18: =IF(AND(L18=0,M18=0,N18=0),0,IF(AND(L18=0,M18=0),N18/1,IF(AND(L18=0,N18=0),M18/1,IF(AND(M18=0,N18=0),L18/1,IF(L18=0,FLOOR((M18+N18)/2,0.1),IF(M18=0,(L18+N18)/2,IF(N18=0,(M18+L18)/2,FLOOR(((L18+M18+N18)/3),0.1)))))))) | P18: 10 | Q18: 20 | R18: =SUM(P18:Q18) | S18: 42 | T18: 17 | U18: =IF(AND(R18=0,S18=0,T18=0),0,IF(AND(R18=0,S18=0),T18/1,IF(AND(R18=0,T18=0),S18/1,IF(AND(S18=0,T18=0),R18/1,IF(R18=0,FLOOR((S18+T18)/2,0.1),IF(S18=0,(R18+T18)/2,IF(T18=0,(S18+R18)/2,FLOOR(((R18+S18+T18)/3),0.1)))))))) | V18: 25 | W18: 20 | X18: =SUM(V18:W18) | Y18: 52 | Z18: 48 | AA18: =IF(AND(X18=0,Y18=0,Z18=0),0,IF(AND(X18=0,Y18=0),Z18/1,IF(AND(X18=0,Z18=0),Y18/1,IF(AND(Y18=0,Z18=0),X18/1,IF(X18=0,FLOOR((Y18+Z18)/2,0.1),IF(Y18=0,(X18+Z18)/2,IF(Z18=0,(Y18+X18)/2,FLOOR(((X18+Y18+Z18)/3),0.1)))))))) | AB18: 15 | AC18: 36 | AD18: =SUM(AB18:AC18) | AE18: 70 | AF18: 60 | AG18: =IF(AND(AD18=0,AE18=0,AF18=0),0,IF(AND(AD18=0,AE18=0),AF18/1,IF(AND(AD18=0,AF18=0),AE18/1,IF(AND(AE18=0,AF18=0),AD18/1,IF(AD18=0,FLOOR((AE18+AF18)/2,0.1),IF(AE18=0,(AD18+AF18)/2,IF(AF18=0,(AE18+AD18)/2,FLOOR(((AD18+AE18+AF18)/3),0.1)))))))) | AH18: 17 | AI18: 31 | AJ18: =SUM(AH18:AI18) | AK18: 50 | AL18: 48 | AM18: =IF(AND(AJ18=0,AK18=0,AL18=0),0,IF(AND(AJ18=0,AK18=0),AL18/1,IF(AND(AJ18=0,AL18=0),AK18/1,IF(AND(AK18=0,AL18=0),AJ18/1,IF(AJ18=0,FLOOR((AK18+AL18)/2,0.1),IF(AK18=0,(AJ18+AL18)/2,IF(AL18=0,(AK18+AJ18)/2,FLOOR(((AJ18+AK18+AL18)/3),0.1)))))))) | AP18: =SUM(AN18:AO18) | AS18: =IF(AND(AP18=0,AQ18=0,AR18=0),0,IF(AND(AP18=0,AQ18=0),AR18/1,IF(AND(AP18=0,AR18=0),AQ18/1,IF(AND(AQ18=0,AR18=0),AP18/1,IF(AP18=0,FLOOR((AQ18+AR18)/2,0.1),IF(AQ18=0,(AP18+AR18)/2,IF(AR18=0,(AQ18+AP18)/2,FLOOR(((AP18+AQ18+AR18)/3),0.1)))))))) | AT18: 20 | AU18: 30 | AV18: =SUM(AT18:AU18) | AW18: 33 | AX18: 49 | AY18: =IF(AND(AV18=0,AW18=0,AX18=0),0,IF(AND(AV18=0,AW18=0),AX18/1,IF(AND(AV18=0,AX18=0),AW18/1,IF(AND(AW18=0,AX18=0),AV18/1,IF(AV18=0,FLOOR((AW18+AX18)/2,0.1),IF(AW18=0,(AV18+AX18)/2,IF(AX18=0,(AW18+AV18)/2,FLOOR(((AV18+AW18+AX18)/3),0.1)))))))) | AZ18: 25 | BA18: 30 | BB18: =SUM(AZ18:BA18) | BC18: 55 | BD18: 55 | BE18: =IF(AND(BB18=0,BC18=0,BD18=0),0,IF(AND(BB18=0,BC18=0),BD18/1,IF(AND(BB18=0,BD18=0),BC18/1,IF(AND(BC18=0,BD18=0),BB18/1,IF(BB18=0,FLOOR((BC18+BD18)/2,0.1),IF(BC18=0,(BB18+BD18)/2,IF(BD18=0,(BC18+BB18)/2,FLOOR(((BB18+BC18+BD18)/3),0.1)))))))) | BF18: 14 | BG18: 34 | BH18: =SUM(BF18:BG18) | BI18: 48 | BJ18: 24 | BK18: =IF(AND(BH18=0,BI18=0,BJ18=0),0,IF(AND(BH18=0,BI18=0),BJ18/1,IF(AND(BH18=0,BJ18=0),BI18/1,IF(AND(BI18=0,BJ18=0),BH18/1,IF(BH18=0,FLOOR((BI18+BJ18)/2,0.1),IF(BI18=0,(BH18+BJ18)/2,IF(BJ18=0,(BI18+BH18)/2,FLOOR(((BH18+BI18+BJ18)/3),0.1)))))))) | BL18: 20 | BM18: 30 | BN18: =SUM(BL18:BM18) | BO18: 55 | BP18: 46 | BQ18: =IF(AND(BN18=0,BO18=0,BP18=0),0,IF(AND(BN18=0,BO18=0),BP18/1,IF(AND(BN18=0,BP18=0),BO18/1,IF(AND(BO18=0,BP18=0),BN18/1,IF(BN18=0,FLOOR((BO18+BP18)/2,0.1),IF(BO18=0,(BN18+BP18)/2,IF(BP18=0,(BO18+BN18)/2,FLOOR(((BN18+BO18+BP18)/3),0.1)))))))) | BT18: =SUM(BR18:BS18) | BW18: =IF(AND(BT18=0,BU18=0,BV18=0),0,IF(AND(BT18=0,BU18=0),BV18/1,IF(AND(BT18=0,BV18=0),BU18/1,IF(AND(BU18=0,BV18=0),BT18/1,IF(BT18=0,FLOOR((BU18+BV18)/2,0.1),IF(BU18=0,(BT18+BV18)/2,IF(BV18=0,(BU18+BT18)/2,FLOOR(((BT18+BU18+BV18)/3),0.1)))))))) | BX18: 22 | BY18: 58 | BZ18: =SUM(BX18:BY18) | CA18: 75 | CB18: 63 | CC18: =IF(AND(BZ18=0,CA18=0,CB18=0),0,IF(AND(BZ18=0,CA18=0),CB18/1,IF(AND(BZ18=0,CB18=0),CA18/1,IF(AND(CA18=0,CB18=0),BZ18/1,IF(BZ18=0,FLOOR((CA18+CB18)/2,0.1),IF(CA18=0,(BZ18+CB18)/2,IF(CB18=0,(CA18+BZ18)/2,FLOOR(((BZ18+CA18+CB18)/3),0.1)))))))) | CD18: 15 | CE18: 50 | CF18: =SUM(CD18:CE18) | CG18: 21 | CH18: 22 | CI18: =IF(AND(CF18=0,CG18=0,CH18=0),0,IF(AND(CF18=0,CG18=0),CH18/1,IF(AND(CF18=0,CH18=0),CG18/1,IF(AND(CG18=0,CH18=0),CF18/1,IF(CF18=0,FLOOR((CG18+CH18)/2,0.1),IF(CG18=0,(CF18+CH18)/2,IF(CH18=0,(CG18+CF18)/2,FLOOR(((CF18+CG18+CH18)/3),0.1)))))))) | CL18: =SUM(CJ18:CK18) | CO18: =IF(AND(CL18=0,CM18=0,CN18=0),0,IF(AND(CL18=0,CM18=0),CN18/1,IF(AND(CL18=0,CN18=0),CM18/1,IF(AND(CM18=0,CN18=0),CL18/1,IF(CL18=0,FLOOR((CM18+CN18)/2,0.1),IF(CM18=0,(CL18+CN18)/2,IF(CN18=0,(CM18+CL18)/2,FLOOR(((CL18+CM18+CN18)/3),0.1)))))))) | CP18: 13 | CQ18: 31 | CR18: =SUM(CP18:CQ18) | CS18: 35 | CT18: 25 | CU18: =IF(AND(CR18=0,CS18=0,CT18=0),0,IF(AND(CR18=0,CS18=0),CT18/1,IF(AND(CR18=0,CT18=0),CS18/1,IF(AND(CS18=0,CT18=0),CR18/1,IF(CR18=0,FLOOR((CS18+CT18)/2,0.1),IF(CS18=0,(CR18+CT18)/2,IF(CT18=0,(CS18+CR18)/2,FLOOR(((CR18+CS18+CT18)/3),0.1)))))))) | CX18: =SUM(CV18:CW18) | DA18: =IF(AND(CX18=0,CY18=0,CZ18=0),0,IF(AND(CX18=0,CY18=0),CZ18/1,IF(AND(CX18=0,CZ18=0),CY18/1,IF(AND(CY18=0,CZ18=0),CX18/1,IF(CX18=0,FLOOR((CY18+CZ18)/2,0.1),IF(CY18=0,(CX18+CZ18)/2,IF(CZ18=0,(CY18+CX18)/2,FLOOR(((CX18+CY18+CZ18)/3),0.1)))))))) | DD18: =SUM(DB18:DC18) | DG18: =IF(AND(DD18=0,DE18=0,DF18=0),0,IF(AND(DD18=0,DE18=0),DF18/1,IF(AND(DD18=0,DF18=0),DE18/1,IF(AND(DE18=0,DF18=0),DD18/1,IF(DD18=0,FLOOR((DE18+DF18)/2,0.1),IF(DE18=0,(DD18+DF18)/2,IF(DF18=0,(DE18+DD18)/2,FLOOR(((DD18+DE18+DF18)/3),0.1)))))))) | DH18: =SUM(O18,U18,AA18,AG18,AM18,AS18,AY18,BE18,BK18,BQ18,BW18,CC18,CI18,CO18,CU18,DA18,DG18) | DI18: =RANK(DH18,DH$4:DH$503) | DJ18: GOOD(4) | DK18: GOOD(4) | DL18: GOOD(4) | DM18: EXCELLENT(5) | DN18: GOOD(4) | DO18: GOOD(4) | DP18: GOOD(4) | DQ18: GOOD(4) | DR18: 2024/2025 | DS18: THIRD | DT18: GOOD(4) | DU18: GOOD(4) | DV18: GOOD(4) | DW18: GOOD(4) | DX18: GOOD(4) | DY18: GOOD(4) | DZ18: GOOD(4) | EA18: Shows consistent effort and improvement in academic work. | EB18: Promoted to JSS3 | EC18: MR. JIMOH WASIU OLATUNDE | ED18: Next Term Begins on Monday, 15th September, 2039
A19: 16 | B19: JOB AYOMIDE | C19: 1733 | D19: Male | E19: JSS 2C | F19: 31 | G19: 122 | H19: 106 | I19: =G19-H19 | J19: 30 | K19: 44 | L19: =SUM(J19:K19) | M19: 29 | N19: 31 | O19: =IF(AND(L19=0,M19=0,N19=0),0,IF(AND(L19=0,M19=0),N19/1,IF(AND(L19=0,N19=0),M19/1,IF(AND(M19=0,N19=0),L19/1,IF(L19=0,FLOOR((M19+N19)/2,0.1),IF(M19=0,(L19+N19)/2,IF(N19=0,(M19+L19)/2,FLOOR(((L19+M19+N19)/3),0.1)))))))) | P19: 17 | Q19: 34 | R19: =SUM(P19:Q19) | S19: 67 | T19: 34 | U19: =IF(AND(R19=0,S19=0,T19=0),0,IF(AND(R19=0,S19=0),T19/1,IF(AND(R19=0,T19=0),S19/1,IF(AND(S19=0,T19=0),R19/1,IF(R19=0,FLOOR((S19+T19)/2,0.1),IF(S19=0,(R19+T19)/2,IF(T19=0,(S19+R19)/2,FLOOR(((R19+S19+T19)/3),0.1)))))))) | V19: 25 | W19: 29 | X19: =SUM(V19:W19) | Y19: 58 | Z19: 56 | AA19: =IF(AND(X19=0,Y19=0,Z19=0),0,IF(AND(X19=0,Y19=0),Z19/1,IF(AND(X19=0,Z19=0),Y19/1,IF(AND(Y19=0,Z19=0),X19/1,IF(X19=0,FLOOR((Y19+Z19)/2,0.1),IF(Y19=0,(X19+Z19)/2,IF(Z19=0,(Y19+X19)/2,FLOOR(((X19+Y19+Z19)/3),0.1)))))))) | AB19: 17 | AC19: 38 | AD19: =SUM(AB19:AC19) | AE19: 57 | AF19: 56 | AG19: =IF(AND(AD19=0,AE19=0,AF19=0),0,IF(AND(AD19=0,AE19=0),AF19/1,IF(AND(AD19=0,AF19=0),AE19/1,IF(AND(AE19=0,AF19=0),AD19/1,IF(AD19=0,FLOOR((AE19+AF19)/2,0.1),IF(AE19=0,(AD19+AF19)/2,IF(AF19=0,(AE19+AD19)/2,FLOOR(((AD19+AE19+AF19)/3),0.1)))))))) | AH19: 16 | AI19: 31 | AJ19: =SUM(AH19:AI19) | AK19: 59 | AL19: 42 | AM19: =IF(AND(AJ19=0,AK19=0,AL19=0),0,IF(AND(AJ19=0,AK19=0),AL19/1,IF(AND(AJ19=0,AL19=0),AK19/1,IF(AND(AK19=0,AL19=0),AJ19/1,IF(AJ19=0,FLOOR((AK19+AL19)/2,0.1),IF(AK19=0,(AJ19+AL19)/2,IF(AL19=0,(AK19+AJ19)/2,FLOOR(((AJ19+AK19+AL19)/3),0.1)))))))) | AP19: =SUM(AN19:AO19) | AS19: =IF(AND(AP19=0,AQ19=0,AR19=0),0,IF(AND(AP19=0,AQ19=0),AR19/1,IF(AND(AP19=0,AR19=0),AQ19/1,IF(AND(AQ19=0,AR19=0),AP19/1,IF(AP19=0,FLOOR((AQ19+AR19)/2,0.1),IF(AQ19=0,(AP19+AR19)/2,IF(AR19=0,(AQ19+AP19)/2,FLOOR(((AP19+AQ19+AR19)/3),0.1)))))))) | AT19: 22 | AU19: 32 | AV19: =SUM(AT19:AU19) | AW19: 33 | AX19: 42 | AY19: =IF(AND(AV19=0,AW19=0,AX19=0),0,IF(AND(AV19=0,AW19=0),AX19/1,IF(AND(AV19=0,AX19=0),AW19/1,IF(AND(AW19=0,AX19=0),AV19/1,IF(AV19=0,FLOOR((AW19+AX19)/2,0.1),IF(AW19=0,(AV19+AX19)/2,IF(AX19=0,(AW19+AV19)/2,FLOOR(((AV19+AW19+AX19)/3),0.1)))))))) | AZ19: 24 | BA19: 45 | BB19: =SUM(AZ19:BA19) | BC19: 50 | BD19: 60 | BE19: =IF(AND(BB19=0,BC19=0,BD19=0),0,IF(AND(BB19=0,BC19=0),BD19/1,IF(AND(BB19=0,BD19=0),BC19/1,IF(AND(BC19=0,BD19=0),BB19/1,IF(BB19=0,FLOOR((BC19+BD19)/2,0.1),IF(BC19=0,(BB19+BD19)/2,IF(BD19=0,(BC19+BB19)/2,FLOOR(((BB19+BC19+BD19)/3),0.1)))))))) | BF19: 14 | BG19: 35 | BH19: =SUM(BF19:BG19) | BI19: 46 | BJ19: 28 | BK19: =IF(AND(BH19=0,BI19=0,BJ19=0),0,IF(AND(BH19=0,BI19=0),BJ19/1,IF(AND(BH19=0,BJ19=0),BI19/1,IF(AND(BI19=0,BJ19=0),BH19/1,IF(BH19=0,FLOOR((BI19+BJ19)/2,0.1),IF(BI19=0,(BH19+BJ19)/2,IF(BJ19=0,(BI19+BH19)/2,FLOOR(((BH19+BI19+BJ19)/3),0.1)))))))) | BL19: 25 | BM19: 30 | BN19: =SUM(BL19:BM19) | BO19: 37 | BP19: 40 | BQ19: =IF(AND(BN19=0,BO19=0,BP19=0),0,IF(AND(BN19=0,BO19=0),BP19/1,IF(AND(BN19=0,BP19=0),BO19/1,IF(AND(BO19=0,BP19=0),BN19/1,IF(BN19=0,FLOOR((BO19+BP19)/2,0.1),IF(BO19=0,(BN19+BP19)/2,IF(BP19=0,(BO19+BN19)/2,FLOOR(((BN19+BO19+BP19)/3),0.1)))))))) | BT19: =SUM(BR19:BS19) | BW19: =IF(AND(BT19=0,BU19=0,BV19=0),0,IF(AND(BT19=0,BU19=0),BV19/1,IF(AND(BT19=0,BV19=0),BU19/1,IF(AND(BU19=0,BV19=0),BT19/1,IF(BT19=0,FLOOR((BU19+BV19)/2,0.1),IF(BU19=0,(BT19+BV19)/2,IF(BV19=0,(BU19+BT19)/2,FLOOR(((BT19+BU19+BV19)/3),0.1)))))))) | BX19: 20 | BY19: 64 | BZ19: =SUM(BX19:BY19) | CA19: 67 | CB19: 62 | CC19: =IF(AND(BZ19=0,CA19=0,CB19=0),0,IF(AND(BZ19=0,CA19=0),CB19/1,IF(AND(BZ19=0,CB19=0),CA19/1,IF(AND(CA19=0,CB19=0),BZ19/1,IF(BZ19=0,FLOOR((CA19+CB19)/2,0.1),IF(CA19=0,(BZ19+CB19)/2,IF(CB19=0,(CA19+BZ19)/2,FLOOR(((BZ19+CA19+CB19)/3),0.1)))))))) | CD19: 14 | CE19: 45 | CF19: =SUM(CD19:CE19) | CG19: 35 | CH19: 22 | CI19: =IF(AND(CF19=0,CG19=0,CH19=0),0,IF(AND(CF19=0,CG19=0),CH19/1,IF(AND(CF19=0,CH19=0),CG19/1,IF(AND(CG19=0,CH19=0),CF19/1,IF(CF19=0,FLOOR((CG19+CH19)/2,0.1),IF(CG19=0,(CF19+CH19)/2,IF(CH19=0,(CG19+CF19)/2,FLOOR(((CF19+CG19+CH19)/3),0.1)))))))) | CL19: =SUM(CJ19:CK19) | CO19: =IF(AND(CL19=0,CM19=0,CN19=0),0,IF(AND(CL19=0,CM19=0),CN19/1,IF(AND(CL19=0,CN19=0),CM19/1,IF(AND(CM19=0,CN19=0),CL19/1,IF(CL19=0,FLOOR((CM19+CN19)/2,0.1),IF(CM19=0,(CL19+CN19)/2,IF(CN19=0,(CM19+CL19)/2,FLOOR(((CL19+CM19+CN19)/3),0.1)))))))) | CR19: =SUM(CP19:CQ19) | CU19: =IF(AND(CR19=0,CS19=0,CT19=0),0,IF(AND(CR19=0,CS19=0),CT19/1,IF(AND(CR19=0,CT19=0),CS19/1,IF(AND(CS19=0,CT19=0),CR19/1,IF(CR19=0,FLOOR((CS19+CT19)/2,0.1),IF(CS19=0,(CR19+CT19)/2,IF(CT19=0,(CS19+CR19)/2,FLOOR(((CR19+CS19+CT19)/3),0.1)))))))) | CV19: 30 | CW19: 30 | CX19: =SUM(CV19:CW19) | CY19: 43 | CZ19: 20 | DA19: =IF(AND(CX19=0,CY19=0,CZ19=0),0,IF(AND(CX19=0,CY19=0),CZ19/1,IF(AND(CX19=0,CZ19=0),CY19/1,IF(AND(CY19=0,CZ19=0),CX19/1,IF(CX19=0,FLOOR((CY19+CZ19)/2,0.1),IF(CY19=0,(CX19+CZ19)/2,IF(CZ19=0,(CY19+CX19)/2,FLOOR(((CX19+CY19+CZ19)/3),0.1)))))))) | DD19: =SUM(DB19:DC19) | DG19: =IF(AND(DD19=0,DE19=0,DF19=0),0,IF(AND(DD19=0,DE19=0),DF19/1,IF(AND(DD19=0,DF19=0),DE19/1,IF(AND(DE19=0,DF19=0),DD19/1,IF(DD19=0,FLOOR((DE19+DF19)/2,0.1),IF(DE19=0,(DD19+DF19)/2,IF(DF19=0,(DE19+DD19)/2,FLOOR(((DD19+DE19+DF19)/3),0.1)))))))) | DH19: =SUM(O19,U19,AA19,AG19,AM19,AS19,AY19,BE19,BK19,BQ19,BW19,CC19,CI19,CO19,CU19,DA19,DG19) | DI19: =RANK(DH19,DH$4:DH$503) | DJ19: EXCELLENT(5) | DK19: GOOD(4) | DL19: GOOD(4) | DM19: EXCELLENT(5) | DN19: GOOD(4) | DO19: GOOD(4) | DP19: GOOD(4) | DQ19: GOOD(4) | DR19: 2024/2025 | DS19: THIRD | DT19: GOOD(4) | DU19: GOOD(4) | DV19: GOOD(4) | DW19: GOOD(4) | DX19: GOOD(4) | DY19: GOOD(4) | DZ19: GOOD(4) | EA19: Excels in most subjects and demonstrates a strong grasp of concepts. | EB19: Promoted to JSS3 | EC19: MR. JIMOH WASIU OLATUNDE | ED19: Next Term Begins on Monday, 15th September, 2040
A20: 17 | B20: KAZEEM BARAKAT | C20: 1808 | D20: Female | E20: JSS 2C | F20: 31 | G20: 122 | H20: 26 | I20: =G20-H20 | J20: 16 | K20: 20 | L20: =SUM(J20:K20) | M20: 28 | N20: 25 | O20: =IF(AND(L20=0,M20=0,N20=0),0,IF(AND(L20=0,M20=0),N20/1,IF(AND(L20=0,N20=0),M20/1,IF(AND(M20=0,N20=0),L20/1,IF(L20=0,FLOOR((M20+N20)/2,0.1),IF(M20=0,(L20+N20)/2,IF(N20=0,(M20+L20)/2,FLOOR(((L20+M20+N20)/3),0.1)))))))) | P20: 15 | Q20: 31 | R20: =SUM(P20:Q20) | S20: 60 | T20: 32 | U20: =IF(AND(R20=0,S20=0,T20=0),0,IF(AND(R20=0,S20=0),T20/1,IF(AND(R20=0,T20=0),S20/1,IF(AND(S20=0,T20=0),R20/1,IF(R20=0,FLOOR((S20+T20)/2,0.1),IF(S20=0,(R20+T20)/2,IF(T20=0,(S20+R20)/2,FLOOR(((R20+S20+T20)/3),0.1)))))))) | V20: 23 | W20: 10 | X20: =SUM(V20:W20) | Y20: 58 | Z20: 46 | AA20: =IF(AND(X20=0,Y20=0,Z20=0),0,IF(AND(X20=0,Y20=0),Z20/1,IF(AND(X20=0,Z20=0),Y20/1,IF(AND(Y20=0,Z20=0),X20/1,IF(X20=0,FLOOR((Y20+Z20)/2,0.1),IF(Y20=0,(X20+Z20)/2,IF(Z20=0,(Y20+X20)/2,FLOOR(((X20+Y20+Z20)/3),0.1)))))))) | AB20: 15 | AC20: 20 | AD20: =SUM(AB20:AC20) | AE20: 79 | AF20: 57 | AG20: =IF(AND(AD20=0,AE20=0,AF20=0),0,IF(AND(AD20=0,AE20=0),AF20/1,IF(AND(AD20=0,AF20=0),AE20/1,IF(AND(AE20=0,AF20=0),AD20/1,IF(AD20=0,FLOOR((AE20+AF20)/2,0.1),IF(AE20=0,(AD20+AF20)/2,IF(AF20=0,(AE20+AD20)/2,FLOOR(((AD20+AE20+AF20)/3),0.1)))))))) | AH20: 16 | AI20: 32 | AJ20: =SUM(AH20:AI20) | AK20: 60 | AL20: 35 | AM20: =IF(AND(AJ20=0,AK20=0,AL20=0),0,IF(AND(AJ20=0,AK20=0),AL20/1,IF(AND(AJ20=0,AL20=0),AK20/1,IF(AND(AK20=0,AL20=0),AJ20/1,IF(AJ20=0,FLOOR((AK20+AL20)/2,0.1),IF(AK20=0,(AJ20+AL20)/2,IF(AL20=0,(AK20+AJ20)/2,FLOOR(((AJ20+AK20+AL20)/3),0.1)))))))) | AP20: =SUM(AN20:AO20) | AS20: =IF(AND(AP20=0,AQ20=0,AR20=0),0,IF(AND(AP20=0,AQ20=0),AR20/1,IF(AND(AP20=0,AR20=0),AQ20/1,IF(AND(AQ20=0,AR20=0),AP20/1,IF(AP20=0,FLOOR((AQ20+AR20)/2,0.1),IF(AQ20=0,(AP20+AR20)/2,IF(AR20=0,(AQ20+AP20)/2,FLOOR(((AP20+AQ20+AR20)/3),0.1)))))))) | AT20: 16 | AU20: 23 | AV20: =SUM(AT20:AU20) | AW20: 39 | AX20: 39 | AY20: =IF(AND(AV20=0,AW20=0,AX20=0),0,IF(AND(AV20=0,AW20=0),AX20/1,IF(AND(AV20=0,AX20=0),AW20/1,IF(AND(AW20=0,AX20=0),AV20/1,IF(AV20=0,FLOOR((AW20+AX20)/2,0.1),IF(AW20=0,(AV20+AX20)/2,IF(AX20=0,(AW20+AV20)/2,FLOOR(((AV20+AW20+AX20)/3),0.1)))))))) | AZ20: 0 | BA20: 0 | BB20: =SUM(AZ20:BA20) | BC20: 59 | BD20: 0 | BE20: =IF(AND(BB20=0,BC20=0,BD20=0),0,IF(AND(BB20=0,BC20=0),BD20/1,IF(AND(BB20=0,BD20=0),BC20/1,IF(AND(BC20=0,BD20=0),BB20/1,IF(BB20=0,FLOOR((BC20+BD20)/2,0.1),IF(BC20=0,(BB20+BD20)/2,IF(BD20=0,(BC20+BB20)/2,FLOOR(((BB20+BC20+BD20)/3),0.1)))))))) | BF20: 10 | BG20: 29 | BH20: =SUM(BF20:BG20) | BI20: 63 | BJ20: 51 | BK20: =IF(AND(BH20=0,BI20=0,BJ20=0),0,IF(AND(BH20=0,BI20=0),BJ20/1,IF(AND(BH20=0,BJ20=0),BI20/1,IF(AND(BI20=0,BJ20=0),BH20/1,IF(BH20=0,FLOOR((BI20+BJ20)/2,0.1),IF(BI20=0,(BH20+BJ20)/2,IF(BJ20=0,(BI20+BH20)/2,FLOOR(((BH20+BI20+BJ20)/3),0.1)))))))) | BL20: 10 | BM20: 15 | BN20: =SUM(BL20:BM20) | BO20: 41 | BP20: 12 | BQ20: =IF(AND(BN20=0,BO20=0,BP20=0),0,IF(AND(BN20=0,BO20=0),BP20/1,IF(AND(BN20=0,BP20=0),BO20/1,IF(AND(BO20=0,BP20=0),BN20/1,IF(BN20=0,FLOOR((BO20+BP20)/2,0.1),IF(BO20=0,(BN20+BP20)/2,IF(BP20=0,(BO20+BN20)/2,FLOOR(((BN20+BO20+BP20)/3),0.1)))))))) | BT20: =SUM(BR20:BS20) | BW20: =IF(AND(BT20=0,BU20=0,BV20=0),0,IF(AND(BT20=0,BU20=0),BV20/1,IF(AND(BT20=0,BV20=0),BU20/1,IF(AND(BU20=0,BV20=0),BT20/1,IF(BT20=0,FLOOR((BU20+BV20)/2,0.1),IF(BU20=0,(BT20+BV20)/2,IF(BV20=0,(BU20+BT20)/2,FLOOR(((BT20+BU20+BV20)/3),0.1)))))))) | BX20: 25 | BY20: 67 | BZ20: =SUM(BX20:BY20) | CA20: 59 | CB20: 45 | CC20: =IF(AND(BZ20=0,CA20=0,CB20=0),0,IF(AND(BZ20=0,CA20=0),CB20/1,IF(AND(BZ20=0,CB20=0),CA20/1,IF(AND(CA20=0,CB20=0),BZ20/1,IF(BZ20=0,FLOOR((CA20+CB20)/2,0.1),IF(CA20=0,(BZ20+CB20)/2,IF(CB20=0,(CA20+BZ20)/2,FLOOR(((BZ20+CA20+CB20)/3),0.1)))))))) | CD20: 14 | CE20: 12 | CF20: =SUM(CD20:CE20) | CG20: 23 | CH20: 11 | CI20: =IF(AND(CF20=0,CG20=0,CH20=0),0,IF(AND(CF20=0,CG20=0),CH20/1,IF(AND(CF20=0,CH20=0),CG20/1,IF(AND(CG20=0,CH20=0),CF20/1,IF(CF20=0,FLOOR((CG20+CH20)/2,0.1),IF(CG20=0,(CF20+CH20)/2,IF(CH20=0,(CG20+CF20)/2,FLOOR(((CF20+CG20+CH20)/3),0.1)))))))) | CL20: =SUM(CJ20:CK20) | CO20: =IF(AND(CL20=0,CM20=0,CN20=0),0,IF(AND(CL20=0,CM20=0),CN20/1,IF(AND(CL20=0,CN20=0),CM20/1,IF(AND(CM20=0,CN20=0),CL20/1,IF(CL20=0,FLOOR((CM20+CN20)/2,0.1),IF(CM20=0,(CL20+CN20)/2,IF(CN20=0,(CM20+CL20)/2,FLOOR(((CL20+CM20+CN20)/3),0.1)))))))) | CP20: 10 | CQ20: 29 | CR20: =SUM(CP20:CQ20) | CS20: 21 | CT20: 23 | CU20: =IF(AND(CR20=0,CS20=0,CT20=0),0,IF(AND(CR20=0,CS20=0),CT20/1,IF(AND(CR20=0,CT20=0),CS20/1,IF(AND(CS20=0,CT20=0),CR20/1,IF(CR20=0,FLOOR((CS20+CT20)/2,0.1),IF(CS20=0,(CR20+CT20)/2,IF(CT20=0,(CS20+CR20)/2,FLOOR(((CR20+CS20+CT20)/3),0.1)))))))) | CX20: =SUM(CV20:CW20) | DA20: =IF(AND(CX20=0,CY20=0,CZ20=0),0,IF(AND(CX20=0,CY20=0),CZ20/1,IF(AND(CX20=0,CZ20=0),CY20/1,IF(AND(CY20=0,CZ20=0),CX20/1,IF(CX20=0,FLOOR((CY20+CZ20)/2,0.1),IF(CY20=0,(CX20+CZ20)/2,IF(CZ20=0,(CY20+CX20)/2,FLOOR(((CX20+CY20+CZ20)/3),0.1)))))))) | DD20: =SUM(DB20:DC20) | DG20: =IF(AND(DD20=0,DE20=0,DF20=0),0,IF(AND(DD20=0,DE20=0),DF20/1,IF(AND(DD20=0,DF20=0),DE20/1,IF(AND(DE20=0,DF20=0),DD20/1,IF(DD20=0,FLOOR((DE20+DF20)/2,0.1),IF(DE20=0,(DD20+DF20)/2,IF(DF20=0,(DE20+DD20)/2,FLOOR(((DD20+DE20+DF20)/3),0.1)))))))) | DH20: =SUM(O20,U20,AA20,AG20,AM20,AS20,AY20,BE20,BK20,BQ20,BW20,CC20,CI20,CO20,CU20,DA20,DG20) | DI20: =RANK(DH20,DH$4:DH$503) | DJ20: BELOW AVERAGE(2) | DK20: AVERAGE(3) | DL20: BELOW AVERAGE(2) | DM20: EXCELLENT(5) | DN20: BELOW AVERAGE(2) | DO20: GOOD(4) | DP20: GOOD(4) | DQ20: GOOD(4) | DR20: 2024/2025 | DS20: THIRD | DT20: GOOD(4) | DU20: GOOD(4) | DV20: GOOD(4) | DW20: GOOD(4) | DX20: GOOD(4) | DY20: GOOD(4) | DZ20: GOOD(4) | EA20: Demonstrates a positive attitude and respect for rules. | EB20: To repeat JSS2 | EC20: MR. JIMOH WASIU OLATUNDE | ED20: Next Term Begins on Monday, 15th September, 2041
A21: 18 | B21: MURITALA ALIYAT | C21: 1795 | D21: Female | E21: JSS 2C | F21: 31 | G21: 122 | H21: 116 | I21: =G21-H21 | J21: 28 | K21: 32 | L21: =SUM(J21:K21) | M21: 26 | N21: 53 | O21: =IF(AND(L21=0,M21=0,N21=0),0,IF(AND(L21=0,M21=0),N21/1,IF(AND(L21=0,N21=0),M21/1,IF(AND(M21=0,N21=0),L21/1,IF(L21=0,FLOOR((M21+N21)/2,0.1),IF(M21=0,(L21+N21)/2,IF(N21=0,(M21+L21)/2,FLOOR(((L21+M21+N21)/3),0.1)))))))) | P21: 16 | Q21: 32 | R21: =SUM(P21:Q21) | S21: 73 | T21: 24 | U21: =IF(AND(R21=0,S21=0,T21=0),0,IF(AND(R21=0,S21=0),T21/1,IF(AND(R21=0,T21=0),S21/1,IF(AND(S21=0,T21=0),R21/1,IF(R21=0,FLOOR((S21+T21)/2,0.1),IF(S21=0,(R21+T21)/2,IF(T21=0,(S21+R21)/2,FLOOR(((R21+S21+T21)/3),0.1)))))))) | V21: 26 | W21: 17 | X21: =SUM(V21:W21) | Y21: 41 | Z21: 42 | AA21: =IF(AND(X21=0,Y21=0,Z21=0),0,IF(AND(X21=0,Y21=0),Z21/1,IF(AND(X21=0,Z21=0),Y21/1,IF(AND(Y21=0,Z21=0),X21/1,IF(X21=0,FLOOR((Y21+Z21)/2,0.1),IF(Y21=0,(X21+Z21)/2,IF(Z21=0,(Y21+X21)/2,FLOOR(((X21+Y21+Z21)/3),0.1)))))))) | AB21: 20 | AC21: 42 | AD21: =SUM(AB21:AC21) | AE21: 95 | AF21: 78 | AG21: =IF(AND(AD21=0,AE21=0,AF21=0),0,IF(AND(AD21=0,AE21=0),AF21/1,IF(AND(AD21=0,AF21=0),AE21/1,IF(AND(AE21=0,AF21=0),AD21/1,IF(AD21=0,FLOOR((AE21+AF21)/2,0.1),IF(AE21=0,(AD21+AF21)/2,IF(AF21=0,(AE21+AD21)/2,FLOOR(((AD21+AE21+AF21)/3),0.1)))))))) | AH21: 15 | AI21: 28 | AJ21: =SUM(AH21:AI21) | AK21: 45 | AL21: 39 | AM21: =IF(AND(AJ21=0,AK21=0,AL21=0),0,IF(AND(AJ21=0,AK21=0),AL21/1,IF(AND(AJ21=0,AL21=0),AK21/1,IF(AND(AK21=0,AL21=0),AJ21/1,IF(AJ21=0,FLOOR((AK21+AL21)/2,0.1),IF(AK21=0,(AJ21+AL21)/2,IF(AL21=0,(AK21+AJ21)/2,FLOOR(((AJ21+AK21+AL21)/3),0.1)))))))) | AP21: =SUM(AN21:AO21) | AS21: =IF(AND(AP21=0,AQ21=0,AR21=0),0,IF(AND(AP21=0,AQ21=0),AR21/1,IF(AND(AP21=0,AR21=0),AQ21/1,IF(AND(AQ21=0,AR21=0),AP21/1,IF(AP21=0,FLOOR((AQ21+AR21)/2,0.1),IF(AQ21=0,(AP21+AR21)/2,IF(AR21=0,(AQ21+AP21)/2,FLOOR(((AP21+AQ21+AR21)/3),0.1)))))))) | AT21: 21 | AU21: 30 | AV21: =SUM(AT21:AU21) | AW21: 41 | AX21: 53 | AY21: =IF(AND(AV21=0,AW21=0,AX21=0),0,IF(AND(AV21=0,AW21=0),AX21/1,IF(AND(AV21=0,AX21=0),AW21/1,IF(AND(AW21=0,AX21=0),AV21/1,IF(AV21=0,FLOOR((AW21+AX21)/2,0.1),IF(AW21=0,(AV21+AX21)/2,IF(AX21=0,(AW21+AV21)/2,FLOOR(((AV21+AW21+AX21)/3),0.1)))))))) | AZ21: 22 | BA21: 40 | BB21: =SUM(AZ21:BA21) | BC21: 58 | BD21: 60 | BE21: =IF(AND(BB21=0,BC21=0,BD21=0),0,IF(AND(BB21=0,BC21=0),BD21/1,IF(AND(BB21=0,BD21=0),BC21/1,IF(AND(BC21=0,BD21=0),BB21/1,IF(BB21=0,FLOOR((BC21+BD21)/2,0.1),IF(BC21=0,(BB21+BD21)/2,IF(BD21=0,(BC21+BB21)/2,FLOOR(((BB21+BC21+BD21)/3),0.1)))))))) | BF21: 16 | BG21: 36 | BH21: =SUM(BF21:BG21) | BI21: 69 | BJ21: 23 | BK21: =IF(AND(BH21=0,BI21=0,BJ21=0),0,IF(AND(BH21=0,BI21=0),BJ21/1,IF(AND(BH21=0,BJ21=0),BI21/1,IF(AND(BI21=0,BJ21=0),BH21/1,IF(BH21=0,FLOOR((BI21+BJ21)/2,0.1),IF(BI21=0,(BH21+BJ21)/2,IF(BJ21=0,(BI21+BH21)/2,FLOOR(((BH21+BI21+BJ21)/3),0.1)))))))) | BL21: 15 | BM21: 38 | BN21: =SUM(BL21:BM21) | BO21: 37 | BP21: 51 | BQ21: =IF(AND(BN21=0,BO21=0,BP21=0),0,IF(AND(BN21=0,BO21=0),BP21/1,IF(AND(BN21=0,BP21=0),BO21/1,IF(AND(BO21=0,BP21=0),BN21/1,IF(BN21=0,FLOOR((BO21+BP21)/2,0.1),IF(BO21=0,(BN21+BP21)/2,IF(BP21=0,(BO21+BN21)/2,FLOOR(((BN21+BO21+BP21)/3),0.1)))))))) | BT21: =SUM(BR21:BS21) | BW21: =IF(AND(BT21=0,BU21=0,BV21=0),0,IF(AND(BT21=0,BU21=0),BV21/1,IF(AND(BT21=0,BV21=0),BU21/1,IF(AND(BU21=0,BV21=0),BT21/1,IF(BT21=0,FLOOR((BU21+BV21)/2,0.1),IF(BU21=0,(BT21+BV21)/2,IF(BV21=0,(BU21+BT21)/2,FLOOR(((BT21+BU21+BV21)/3),0.1)))))))) | BX21: 26 | BY21: 69 | BZ21: =SUM(BX21:BY21) | CA21: 60 | CB21: 75 | CC21: =IF(AND(BZ21=0,CA21=0,CB21=0),0,IF(AND(BZ21=0,CA21=0),CB21/1,IF(AND(BZ21=0,CB21=0),CA21/1,IF(AND(CA21=0,CB21=0),BZ21/1,IF(BZ21=0,FLOOR((CA21+CB21)/2,0.1),IF(CA21=0,(BZ21+CB21)/2,IF(CB21=0,(CA21+BZ21)/2,FLOOR(((BZ21+CA21+CB21)/3),0.1)))))))) | CD21: 12 | CE21: 52 | CF21: =SUM(CD21:CE21) | CG21: 32 | CH21: 22 | CI21: =IF(AND(CF21=0,CG21=0,CH21=0),0,IF(AND(CF21=0,CG21=0),CH21/1,IF(AND(CF21=0,CH21=0),CG21/1,IF(AND(CG21=0,CH21=0),CF21/1,IF(CF21=0,FLOOR((CG21+CH21)/2,0.1),IF(CG21=0,(CF21+CH21)/2,IF(CH21=0,(CG21+CF21)/2,FLOOR(((CF21+CG21+CH21)/3),0.1)))))))) | CL21: =SUM(CJ21:CK21) | CO21: =IF(AND(CL21=0,CM21=0,CN21=0),0,IF(AND(CL21=0,CM21=0),CN21/1,IF(AND(CL21=0,CN21=0),CM21/1,IF(AND(CM21=0,CN21=0),CL21/1,IF(CL21=0,FLOOR((CM21+CN21)/2,0.1),IF(CM21=0,(CL21+CN21)/2,IF(CN21=0,(CM21+CL21)/2,FLOOR(((CL21+CM21+CN21)/3),0.1)))))))) | CP21: 14 | CQ21: 41 | CR21: =SUM(CP21:CQ21) | CS21: 42 | CT21: 42 | CU21: =IF(AND(CR21=0,CS21=0,CT21=0),0,IF(AND(CR21=0,CS21=0),CT21/1,IF(AND(CR21=0,CT21=0),CS21/1,IF(AND(CS21=0,CT21=0),CR21/1,IF(CR21=0,FLOOR((CS21+CT21)/2,0.1),IF(CS21=0,(CR21+CT21)/2,IF(CT21=0,(CS21+CR21)/2,FLOOR(((CR21+CS21+CT21)/3),0.1)))))))) | CX21: =SUM(CV21:CW21) | DA21: =IF(AND(CX21=0,CY21=0,CZ21=0),0,IF(AND(CX21=0,CY21=0),CZ21/1,IF(AND(CX21=0,CZ21=0),CY21/1,IF(AND(CY21=0,CZ21=0),CX21/1,IF(CX21=0,FLOOR((CY21+CZ21)/2,0.1),IF(CY21=0,(CX21+CZ21)/2,IF(CZ21=0,(CY21+CX21)/2,FLOOR(((CX21+CY21+CZ21)/3),0.1)))))))) | DD21: =SUM(DB21:DC21) | DG21: =IF(AND(DD21=0,DE21=0,DF21=0),0,IF(AND(DD21=0,DE21=0),DF21/1,IF(AND(DD21=0,DF21=0),DE21/1,IF(AND(DE21=0,DF21=0),DD21/1,IF(DD21=0,FLOOR((DE21+DF21)/2,0.1),IF(DE21=0,(DD21+DF21)/2,IF(DF21=0,(DE21+DD21)/2,FLOOR(((DD21+DE21+DF21)/3),0.1)))))))) | DH21: =SUM(O21,U21,AA21,AG21,AM21,AS21,AY21,BE21,BK21,BQ21,BW21,CC21,CI21,CO21,CU21,DA21,DG21) | DI21: =RANK(DH21,DH$4:DH$503) | DJ21: GOOD(4) | DK21: GOOD(4) | DL21: GOOD(4) | DM21: EXCELLENT(5) | DN21: GOOD(4) | DO21: GOOD(4) | DP21: GOOD(4) | DQ21: GOOD(4) | DR21: 2024/2025 | DS21: THIRD | DT21: GOOD(4) | DU21: GOOD(4) | DV21: GOOD(4) | DW21: GOOD(4) | DX21: GOOD(4) | DY21: GOOD(4) | DZ21: GOOD(4) | EA21: Consistently well-behaved and sets a good example for peers. | EB21: Promoted to JSS3 | EC21: MR. JIMOH WASIU OLATUNDE | ED21: Next Term Begins on Monday, 15th September, 2042
A22: 19 | B22: NURUDEEN JELILAT | C22: 1815 | D22: Female | E22: JSS 2C | F22: 31 | G22: 122 | H22: 120 | I22: =G22-H22 | J22: 28 | K22: 39 | L22: =SUM(J22:K22) | M22: 31 | N22: 64 | O22: =IF(AND(L22=0,M22=0,N22=0),0,IF(AND(L22=0,M22=0),N22/1,IF(AND(L22=0,N22=0),M22/1,IF(AND(M22=0,N22=0),L22/1,IF(L22=0,FLOOR((M22+N22)/2,0.1),IF(M22=0,(L22+N22)/2,IF(N22=0,(M22+L22)/2,FLOOR(((L22+M22+N22)/3),0.1)))))))) | P22: 26 | Q22: 52 | R22: =SUM(P22:Q22) | S22: 74 | T22: 81 | U22: =IF(AND(R22=0,S22=0,T22=0),0,IF(AND(R22=0,S22=0),T22/1,IF(AND(R22=0,T22=0),S22/1,IF(AND(S22=0,T22=0),R22/1,IF(R22=0,FLOOR((S22+T22)/2,0.1),IF(S22=0,(R22+T22)/2,IF(T22=0,(S22+R22)/2,FLOOR(((R22+S22+T22)/3),0.1)))))))) | V22: 25 | W22: 24 | X22: =SUM(V22:W22) | Y22: 55 | Z22: 52 | AA22: =IF(AND(X22=0,Y22=0,Z22=0),0,IF(AND(X22=0,Y22=0),Z22/1,IF(AND(X22=0,Z22=0),Y22/1,IF(AND(Y22=0,Z22=0),X22/1,IF(X22=0,FLOOR((Y22+Z22)/2,0.1),IF(Y22=0,(X22+Z22)/2,IF(Z22=0,(Y22+X22)/2,FLOOR(((X22+Y22+Z22)/3),0.1)))))))) | AB22: 24 | AC22: 50 | AD22: =SUM(AB22:AC22) | AE22: 100 | AF22: 87 | AG22: =IF(AND(AD22=0,AE22=0,AF22=0),0,IF(AND(AD22=0,AE22=0),AF22/1,IF(AND(AD22=0,AF22=0),AE22/1,IF(AND(AE22=0,AF22=0),AD22/1,IF(AD22=0,FLOOR((AE22+AF22)/2,0.1),IF(AE22=0,(AD22+AF22)/2,IF(AF22=0,(AE22+AD22)/2,FLOOR(((AD22+AE22+AF22)/3),0.1)))))))) | AH22: 16 | AI22: 32 | AJ22: =SUM(AH22:AI22) | AK22: 65 | AL22: 44 | AM22: =IF(AND(AJ22=0,AK22=0,AL22=0),0,IF(AND(AJ22=0,AK22=0),AL22/1,IF(AND(AJ22=0,AL22=0),AK22/1,IF(AND(AK22=0,AL22=0),AJ22/1,IF(AJ22=0,FLOOR((AK22+AL22)/2,0.1),IF(AK22=0,(AJ22+AL22)/2,IF(AL22=0,(AK22+AJ22)/2,FLOOR(((AJ22+AK22+AL22)/3),0.1)))))))) | AP22: =SUM(AN22:AO22) | AS22: =IF(AND(AP22=0,AQ22=0,AR22=0),0,IF(AND(AP22=0,AQ22=0),AR22/1,IF(AND(AP22=0,AR22=0),AQ22/1,IF(AND(AQ22=0,AR22=0),AP22/1,IF(AP22=0,FLOOR((AQ22+AR22)/2,0.1),IF(AQ22=0,(AP22+AR22)/2,IF(AR22=0,(AQ22+AP22)/2,FLOOR(((AP22+AQ22+AR22)/3),0.1)))))))) | AT22: 30 | AU22: 50 | AV22: =SUM(AT22:AU22) | AW22: 61 | AX22: 55 | AY22: =IF(AND(AV22=0,AW22=0,AX22=0),0,IF(AND(AV22=0,AW22=0),AX22/1,IF(AND(AV22=0,AX22=0),AW22/1,IF(AND(AW22=0,AX22=0),AV22/1,IF(AV22=0,FLOOR((AW22+AX22)/2,0.1),IF(AW22=0,(AV22+AX22)/2,IF(AX22=0,(AW22+AV22)/2,FLOOR(((AV22+AW22+AX22)/3),0.1)))))))) | AZ22: 25 | BA22: 30 | BB22: =SUM(AZ22:BA22) | BC22: 58 | BD22: 56 | BE22: =IF(AND(BB22=0,BC22=0,BD22=0),0,IF(AND(BB22=0,BC22=0),BD22/1,IF(AND(BB22=0,BD22=0),BC22/1,IF(AND(BC22=0,BD22=0),BB22/1,IF(BB22=0,FLOOR((BC22+BD22)/2,0.1),IF(BC22=0,(BB22+BD22)/2,IF(BD22=0,(BC22+BB22)/2,FLOOR(((BB22+BC22+BD22)/3),0.1)))))))) | BF22: 15 | BG22: 38 | BH22: =SUM(BF22:BG22) | BI22: 69 | BJ22: 55 | BK22: =IF(AND(BH22=0,BI22=0,BJ22=0),0,IF(AND(BH22=0,BI22=0),BJ22/1,IF(AND(BH22=0,BJ22=0),BI22/1,IF(AND(BI22=0,BJ22=0),BH22/1,IF(BH22=0,FLOOR((BI22+BJ22)/2,0.1),IF(BI22=0,(BH22+BJ22)/2,IF(BJ22=0,(BI22+BH22)/2,FLOOR(((BH22+BI22+BJ22)/3),0.1)))))))) | BL22: 17 | BM22: 43 | BN22: =SUM(BL22:BM22) | BO22: 63 | BP22: 39 | BQ22: =IF(AND(BN22=0,BO22=0,BP22=0),0,IF(AND(BN22=0,BO22=0),BP22/1,IF(AND(BN22=0,BP22=0),BO22/1,IF(AND(BO22=0,BP22=0),BN22/1,IF(BN22=0,FLOOR((BO22+BP22)/2,0.1),IF(BO22=0,(BN22+BP22)/2,IF(BP22=0,(BO22+BN22)/2,FLOOR(((BN22+BO22+BP22)/3),0.1)))))))) | BT22: =SUM(BR22:BS22) | BW22: =IF(AND(BT22=0,BU22=0,BV22=0),0,IF(AND(BT22=0,BU22=0),BV22/1,IF(AND(BT22=0,BV22=0),BU22/1,IF(AND(BU22=0,BV22=0),BT22/1,IF(BT22=0,FLOOR((BU22+BV22)/2,0.1),IF(BU22=0,(BT22+BV22)/2,IF(BV22=0,(BU22+BT22)/2,FLOOR(((BT22+BU22+BV22)/3),0.1)))))))) | BX22: 23 | BY22: 70 | BZ22: =SUM(BX22:BY22) | CA22: 87 | CB22: 89 | CC22: =IF(AND(BZ22=0,CA22=0,CB22=0),0,IF(AND(BZ22=0,CA22=0),CB22/1,IF(AND(BZ22=0,CB22=0),CA22/1,IF(AND(CA22=0,CB22=0),BZ22/1,IF(BZ22=0,FLOOR((CA22+CB22)/2,0.1),IF(CA22=0,(BZ22+CB22)/2,IF(CB22=0,(CA22+BZ22)/2,FLOOR(((BZ22+CA22+CB22)/3),0.1)))))))) | CD22: 11 | CE22: 50 | CF22: =SUM(CD22:CE22) | CG22: 41 | CH22: 38 | CI22: =IF(AND(CF22=0,CG22=0,CH22=0),0,IF(AND(CF22=0,CG22=0),CH22/1,IF(AND(CF22=0,CH22=0),CG22/1,IF(AND(CG22=0,CH22=0),CF22/1,IF(CF22=0,FLOOR((CG22+CH22)/2,0.1),IF(CG22=0,(CF22+CH22)/2,IF(CH22=0,(CG22+CF22)/2,FLOOR(((CF22+CG22+CH22)/3),0.1)))))))) | CL22: =SUM(CJ22:CK22) | CO22: =IF(AND(CL22=0,CM22=0,CN22=0),0,IF(AND(CL22=0,CM22=0),CN22/1,IF(AND(CL22=0,CN22=0),CM22/1,IF(AND(CM22=0,CN22=0),CL22/1,IF(CL22=0,FLOOR((CM22+CN22)/2,0.1),IF(CM22=0,(CL22+CN22)/2,IF(CN22=0,(CM22+CL22)/2,FLOOR(((CL22+CM22+CN22)/3),0.1)))))))) | CP22: 23 | CQ22: 55 | CR22: =SUM(CP22:CQ22) | CS22: 44 | CT22: 62 | CU22: =IF(AND(CR22=0,CS22=0,CT22=0),0,IF(AND(CR22=0,CS22=0),CT22/1,IF(AND(CR22=0,CT22=0),CS22/1,IF(AND(CS22=0,CT22=0),CR22/1,IF(CR22=0,FLOOR((CS22+CT22)/2,0.1),IF(CS22=0,(CR22+CT22)/2,IF(CT22=0,(CS22+CR22)/2,FLOOR(((CR22+CS22+CT22)/3),0.1)))))))) | CX22: =SUM(CV22:CW22) | DA22: =IF(AND(CX22=0,CY22=0,CZ22=0),0,IF(AND(CX22=0,CY22=0),CZ22/1,IF(AND(CX22=0,CZ22=0),CY22/1,IF(AND(CY22=0,CZ22=0),CX22/1,IF(CX22=0,FLOOR((CY22+CZ22)/2,0.1),IF(CY22=0,(CX22+CZ22)/2,IF(CZ22=0,(CY22+CX22)/2,FLOOR(((CX22+CY22+CZ22)/3),0.1)))))))) | DD22: =SUM(DB22:DC22) | DG22: =IF(AND(DD22=0,DE22=0,DF22=0),0,IF(AND(DD22=0,DE22=0),DF22/1,IF(AND(DD22=0,DF22=0),DE22/1,IF(AND(DE22=0,DF22=0),DD22/1,IF(DD22=0,FLOOR((DE22+DF22)/2,0.1),IF(DE22=0,(DD22+DF22)/2,IF(DF22=0,(DE22+DD22)/2,FLOOR(((DD22+DE22+DF22)/3),0.1)))))))) | DH22: =SUM(O22,U22,AA22,AG22,AM22,AS22,AY22,BE22,BK22,BQ22,BW22,CC22,CI22,CO22,CU22,DA22,DG22) | DI22: =RANK(DH22,DH$4:DH$503) | DJ22: GOOD(4) | DK22: GOOD(4) | DL22: GOOD(4) | DM22: EXCELLENT(5) | DN22: GOOD(4) | DO22: GOOD(4) | DP22: GOOD(4) | DQ22: GOOD(4) | DR22: 2024/2025 | DS22: THIRD | DT22: GOOD(4) | DU22: GOOD(4) | DV22: GOOD(4) | DW22: GOOD(4) | DX22: GOOD(4) | DY22: GOOD(4) | DZ22: GOOD(4) | EA22: Shows leadership qualities and a willingness to help others. | EB22: Promoted to JSS3 | EC22: MR. JIMOH WASIU OLATUNDE | ED22: Next Term Begins on Monday, 15th September, 2043
A23: 20 | B23: ODEDELE FAITH | C23: 1897 | D23: Male | E23: JSS 2C | F23: 31 | G23: 122 | H23: 102 | I23: =G23-H23 | J23: 16 | K23: 33 | L23: =SUM(J23:K23) | M23: 77 | N23: 21 | O23: =IF(AND(L23=0,M23=0,N23=0),0,IF(AND(L23=0,M23=0),N23/1,IF(AND(L23=0,N23=0),M23/1,IF(AND(M23=0,N23=0),L23/1,IF(L23=0,FLOOR((M23+N23)/2,0.1),IF(M23=0,(L23+N23)/2,IF(N23=0,(M23+L23)/2,FLOOR(((L23+M23+N23)/3),0.1)))))))) | P23: 16 | Q23: 33 | R23: =SUM(P23:Q23) | S23: 77 | T23: 21 | U23: =IF(AND(R23=0,S23=0,T23=0),0,IF(AND(R23=0,S23=0),T23/1,IF(AND(R23=0,T23=0),S23/1,IF(AND(S23=0,T23=0),R23/1,IF(R23=0,FLOOR((S23+T23)/2,0.1),IF(S23=0,(R23+T23)/2,IF(T23=0,(S23+R23)/2,FLOOR(((R23+S23+T23)/3),0.1)))))))) | V23: 25 | W23: 21 | X23: =SUM(V23:W23) | Y23: 66 | Z23: 56 | AA23: =IF(AND(X23=0,Y23=0,Z23=0),0,IF(AND(X23=0,Y23=0),Z23/1,IF(AND(X23=0,Z23=0),Y23/1,IF(AND(Y23=0,Z23=0),X23/1,IF(X23=0,FLOOR((Y23+Z23)/2,0.1),IF(Y23=0,(X23+Z23)/2,IF(Z23=0,(Y23+X23)/2,FLOOR(((X23+Y23+Z23)/3),0.1)))))))) | AB23: 18 | AC23: 34 | AD23: =SUM(AB23:AC23) | AE23: 51 | AF23: 52 | AG23: =IF(AND(AD23=0,AE23=0,AF23=0),0,IF(AND(AD23=0,AE23=0),AF23/1,IF(AND(AD23=0,AF23=0),AE23/1,IF(AND(AE23=0,AF23=0),AD23/1,IF(AD23=0,FLOOR((AE23+AF23)/2,0.1),IF(AE23=0,(AD23+AF23)/2,IF(AF23=0,(AE23+AD23)/2,FLOOR(((AD23+AE23+AF23)/3),0.1)))))))) | AH23: 18 | AI23: 31 | AJ23: =SUM(AH23:AI23) | AK23: 59 | AL23: 17 | AM23: =IF(AND(AJ23=0,AK23=0,AL23=0),0,IF(AND(AJ23=0,AK23=0),AL23/1,IF(AND(AJ23=0,AL23=0),AK23/1,IF(AND(AK23=0,AL23=0),AJ23/1,IF(AJ23=0,FLOOR((AK23+AL23)/2,0.1),IF(AK23=0,(AJ23+AL23)/2,IF(AL23=0,(AK23+AJ23)/2,FLOOR(((AJ23+AK23+AL23)/3),0.1)))))))) | AP23: =SUM(AN23:AO23) | AS23: =IF(AND(AP23=0,AQ23=0,AR23=0),0,IF(AND(AP23=0,AQ23=0),AR23/1,IF(AND(AP23=0,AR23=0),AQ23/1,IF(AND(AQ23=0,AR23=0),AP23/1,IF(AP23=0,FLOOR((AQ23+AR23)/2,0.1),IF(AQ23=0,(AP23+AR23)/2,IF(AR23=0,(AQ23+AP23)/2,FLOOR(((AP23+AQ23+AR23)/3),0.1)))))))) | AT23: 20 | AU23: 31 | AV23: =SUM(AT23:AU23) | AW23: 31 | AX23: 29 | AY23: =IF(AND(AV23=0,AW23=0,AX23=0),0,IF(AND(AV23=0,AW23=0),AX23/1,IF(AND(AV23=0,AX23=0),AW23/1,IF(AND(AW23=0,AX23=0),AV23/1,IF(AV23=0,FLOOR((AW23+AX23)/2,0.1),IF(AW23=0,(AV23+AX23)/2,IF(AX23=0,(AW23+AV23)/2,FLOOR(((AV23+AW23+AX23)/3),0.1)))))))) | AZ23: 20 | BA23: 35 | BB23: =SUM(AZ23:BA23) | BC23: 73 | BD23: 64 | BE23: =IF(AND(BB23=0,BC23=0,BD23=0),0,IF(AND(BB23=0,BC23=0),BD23/1,IF(AND(BB23=0,BD23=0),BC23/1,IF(AND(BC23=0,BD23=0),BB23/1,IF(BB23=0,FLOOR((BC23+BD23)/2,0.1),IF(BC23=0,(BB23+BD23)/2,IF(BD23=0,(BC23+BB23)/2,FLOOR(((BB23+BC23+BD23)/3),0.1)))))))) | BF23: 14 | BG23: 40 | BH23: =SUM(BF23:BG23) | BI23: 49 | BJ23: 27 | BK23: =IF(AND(BH23=0,BI23=0,BJ23=0),0,IF(AND(BH23=0,BI23=0),BJ23/1,IF(AND(BH23=0,BJ23=0),BI23/1,IF(AND(BI23=0,BJ23=0),BH23/1,IF(BH23=0,FLOOR((BI23+BJ23)/2,0.1),IF(BI23=0,(BH23+BJ23)/2,IF(BJ23=0,(BI23+BH23)/2,FLOOR(((BH23+BI23+BJ23)/3),0.1)))))))) | BL23: 20 | BM23: 30 | BN23: =SUM(BL23:BM23) | BO23: 70 | BP23: 50 | BQ23: =IF(AND(BN23=0,BO23=0,BP23=0),0,IF(AND(BN23=0,BO23=0),BP23/1,IF(AND(BN23=0,BP23=0),BO23/1,IF(AND(BO23=0,BP23=0),BN23/1,IF(BN23=0,FLOOR((BO23+BP23)/2,0.1),IF(BO23=0,(BN23+BP23)/2,IF(BP23=0,(BO23+BN23)/2,FLOOR(((BN23+BO23+BP23)/3),0.1)))))))) | BT23: =SUM(BR23:BS23) | BW23: =IF(AND(BT23=0,BU23=0,BV23=0),0,IF(AND(BT23=0,BU23=0),BV23/1,IF(AND(BT23=0,BV23=0),BU23/1,IF(AND(BU23=0,BV23=0),BT23/1,IF(BT23=0,FLOOR((BU23+BV23)/2,0.1),IF(BU23=0,(BT23+BV23)/2,IF(BV23=0,(BU23+BT23)/2,FLOOR(((BT23+BU23+BV23)/3),0.1)))))))) | BX23: 24 | BY23: 69 | BZ23: =SUM(BX23:BY23) | CA23: 52 | CB23: 55 | CC23: =IF(AND(BZ23=0,CA23=0,CB23=0),0,IF(AND(BZ23=0,CA23=0),CB23/1,IF(AND(BZ23=0,CB23=0),CA23/1,IF(AND(CA23=0,CB23=0),BZ23/1,IF(BZ23=0,FLOOR((CA23+CB23)/2,0.1),IF(CA23=0,(BZ23+CB23)/2,IF(CB23=0,(CA23+BZ23)/2,FLOOR(((BZ23+CA23+CB23)/3),0.1)))))))) | CD23: 15 | CE23: 35 | CF23: =SUM(CD23:CE23) | CG23: 36 | CH23: 38 | CI23: =IF(AND(CF23=0,CG23=0,CH23=0),0,IF(AND(CF23=0,CG23=0),CH23/1,IF(AND(CF23=0,CH23=0),CG23/1,IF(AND(CG23=0,CH23=0),CF23/1,IF(CF23=0,FLOOR((CG23+CH23)/2,0.1),IF(CG23=0,(CF23+CH23)/2,IF(CH23=0,(CG23+CF23)/2,FLOOR(((CF23+CG23+CH23)/3),0.1)))))))) | CL23: =SUM(CJ23:CK23) | CO23: =IF(AND(CL23=0,CM23=0,CN23=0),0,IF(AND(CL23=0,CM23=0),CN23/1,IF(AND(CL23=0,CN23=0),CM23/1,IF(AND(CM23=0,CN23=0),CL23/1,IF(CL23=0,FLOOR((CM23+CN23)/2,0.1),IF(CM23=0,(CL23+CN23)/2,IF(CN23=0,(CM23+CL23)/2,FLOOR(((CL23+CM23+CN23)/3),0.1)))))))) | CR23: =SUM(CP23:CQ23) | CU23: =IF(AND(CR23=0,CS23=0,CT23=0),0,IF(AND(CR23=0,CS23=0),CT23/1,IF(AND(CR23=0,CT23=0),CS23/1,IF(AND(CS23=0,CT23=0),CR23/1,IF(CR23=0,FLOOR((CS23+CT23)/2,0.1),IF(CS23=0,(CR23+CT23)/2,IF(CT23=0,(CS23+CR23)/2,FLOOR(((CR23+CS23+CT23)/3),0.1)))))))) | CV23: 10 | CW23: 30 | CX23: =SUM(CV23:CW23) | CY23: 38 | CZ23: 35 | DA23: =IF(AND(CX23=0,CY23=0,CZ23=0),0,IF(AND(CX23=0,CY23=0),CZ23/1,IF(AND(CX23=0,CZ23=0),CY23/1,IF(AND(CY23=0,CZ23=0),CX23/1,IF(CX23=0,FLOOR((CY23+CZ23)/2,0.1),IF(CY23=0,(CX23+CZ23)/2,IF(CZ23=0,(CY23+CX23)/2,FLOOR(((CX23+CY23+CZ23)/3),0.1)))))))) | DD23: =SUM(DB23:DC23) | DG23: =IF(AND(DD23=0,DE23=0,DF23=0),0,IF(AND(DD23=0,DE23=0),DF23/1,IF(AND(DD23=0,DF23=0),DE23/1,IF(AND(DE23=0,DF23=0),DD23/1,IF(DD23=0,FLOOR((DE23+DF23)/2,0.1),IF(DE23=0,(DD23+DF23)/2,IF(DF23=0,(DE23+DD23)/2,FLOOR(((DD23+DE23+DF23)/3),0.1)))))))) | DH23: =SUM(O23,U23,AA23,AG23,AM23,AS23,AY23,BE23,BK23,BQ23,BW23,CC23,CI23,CO23,CU23,DA23,DG23) | DI23: =RANK(DH23,DH$4:DH$503) | DJ23: GOOD(4) | DK23: GOOD(4) | DL23: GOOD(4) | DM23: EXCELLENT(5) | DN23: GOOD(4) | DO23: GOOD(4) | DP23: GOOD(4) | DQ23: GOOD(4) | DR23: 2024/2025 | DS23: THIRD | DT23: GOOD(4) | DU23: GOOD(4) | DV23: GOOD(4) | DW23: GOOD(4) | DX23: GOOD(4) | DY23: GOOD(4) | DZ23: GOOD(4) | EA23: Has made noticeable progress in social and emotional growth. | EB23: Promoted to JSS3 | EC23: MR. JIMOH WASIU OLATUNDE | ED23: Next Term Begins on Monday, 15th September, 2044
A24: 21 | B24: ODEJIDE ISRAEL A. | C24: 1829 | D24: Male | E24: JSS 2C | F24: 31 | G24: 122 | H24: 120 | I24: =G24-H24 | J24: 20 | K24: 36 | L24: =SUM(J24:K24) | M24: 23 | N24: 30 | O24: =IF(AND(L24=0,M24=0,N24=0),0,IF(AND(L24=0,M24=0),N24/1,IF(AND(L24=0,N24=0),M24/1,IF(AND(M24=0,N24=0),L24/1,IF(L24=0,FLOOR((M24+N24)/2,0.1),IF(M24=0,(L24+N24)/2,IF(N24=0,(M24+L24)/2,FLOOR(((L24+M24+N24)/3),0.1)))))))) | P24: 16 | Q24: 31 | R24: =SUM(P24:Q24) | S24: 57 | T24: 36 | U24: =IF(AND(R24=0,S24=0,T24=0),0,IF(AND(R24=0,S24=0),T24/1,IF(AND(R24=0,T24=0),S24/1,IF(AND(S24=0,T24=0),R24/1,IF(R24=0,FLOOR((S24+T24)/2,0.1),IF(S24=0,(R24+T24)/2,IF(T24=0,(S24+R24)/2,FLOOR(((R24+S24+T24)/3),0.1)))))))) | V24: 21 | W24: 13 | X24: =SUM(V24:W24) | Y24: 48 | Z24: 41 | AA24: =IF(AND(X24=0,Y24=0,Z24=0),0,IF(AND(X24=0,Y24=0),Z24/1,IF(AND(X24=0,Z24=0),Y24/1,IF(AND(Y24=0,Z24=0),X24/1,IF(X24=0,FLOOR((Y24+Z24)/2,0.1),IF(Y24=0,(X24+Z24)/2,IF(Z24=0,(Y24+X24)/2,FLOOR(((X24+Y24+Z24)/3),0.1)))))))) | AB24: 19 | AC24: 29 | AD24: =SUM(AB24:AC24) | AE24: 52 | AF24: 50 | AG24: =IF(AND(AD24=0,AE24=0,AF24=0),0,IF(AND(AD24=0,AE24=0),AF24/1,IF(AND(AD24=0,AF24=0),AE24/1,IF(AND(AE24=0,AF24=0),AD24/1,IF(AD24=0,FLOOR((AE24+AF24)/2,0.1),IF(AE24=0,(AD24+AF24)/2,IF(AF24=0,(AE24+AD24)/2,FLOOR(((AD24+AE24+AF24)/3),0.1)))))))) | AH24: 16 | AI24: 28 | AJ24: =SUM(AH24:AI24) | AK24: 42 | AL24: 37 | AM24: =IF(AND(AJ24=0,AK24=0,AL24=0),0,IF(AND(AJ24=0,AK24=0),AL24/1,IF(AND(AJ24=0,AL24=0),AK24/1,IF(AND(AK24=0,AL24=0),AJ24/1,IF(AJ24=0,FLOOR((AK24+AL24)/2,0.1),IF(AK24=0,(AJ24+AL24)/2,IF(AL24=0,(AK24+AJ24)/2,FLOOR(((AJ24+AK24+AL24)/3),0.1)))))))) | AP24: =SUM(AN24:AO24) | AS24: =IF(AND(AP24=0,AQ24=0,AR24=0),0,IF(AND(AP24=0,AQ24=0),AR24/1,IF(AND(AP24=0,AR24=0),AQ24/1,IF(AND(AQ24=0,AR24=0),AP24/1,IF(AP24=0,FLOOR((AQ24+AR24)/2,0.1),IF(AQ24=0,(AP24+AR24)/2,IF(AR24=0,(AQ24+AP24)/2,FLOOR(((AP24+AQ24+AR24)/3),0.1)))))))) | AT24: 20 | AU24: 32 | AV24: =SUM(AT24:AU24) | AW24: 34 | AX24: 45 | AY24: =IF(AND(AV24=0,AW24=0,AX24=0),0,IF(AND(AV24=0,AW24=0),AX24/1,IF(AND(AV24=0,AX24=0),AW24/1,IF(AND(AW24=0,AX24=0),AV24/1,IF(AV24=0,FLOOR((AW24+AX24)/2,0.1),IF(AW24=0,(AV24+AX24)/2,IF(AX24=0,(AW24+AV24)/2,FLOOR(((AV24+AW24+AX24)/3),0.1)))))))) | AZ24: 19 | BA24: 32 | BB24: =SUM(AZ24:BA24) | BC24: 48 | BD24: 50 | BE24: =IF(AND(BB24=0,BC24=0,BD24=0),0,IF(AND(BB24=0,BC24=0),BD24/1,IF(AND(BB24=0,BD24=0),BC24/1,IF(AND(BC24=0,BD24=0),BB24/1,IF(BB24=0,FLOOR((BC24+BD24)/2,0.1),IF(BC24=0,(BB24+BD24)/2,IF(BD24=0,(BC24+BB24)/2,FLOOR(((BB24+BC24+BD24)/3),0.1)))))))) | BF24: 17 | BG24: 36 | BH24: =SUM(BF24:BG24) | BI24: 50 | BJ24: 25 | BK24: =IF(AND(BH24=0,BI24=0,BJ24=0),0,IF(AND(BH24=0,BI24=0),BJ24/1,IF(AND(BH24=0,BJ24=0),BI24/1,IF(AND(BI24=0,BJ24=0),BH24/1,IF(BH24=0,FLOOR((BI24+BJ24)/2,0.1),IF(BI24=0,(BH24+BJ24)/2,IF(BJ24=0,(BI24+BH24)/2,FLOOR(((BH24+BI24+BJ24)/3),0.1)))))))) | BL24: 20 | BM24: 30 | BN24: =SUM(BL24:BM24) | BO24: 40 | BP24: 40 | BQ24: =IF(AND(BN24=0,BO24=0,BP24=0),0,IF(AND(BN24=0,BO24=0),BP24/1,IF(AND(BN24=0,BP24=0),BO24/1,IF(AND(BO24=0,BP24=0),BN24/1,IF(BN24=0,FLOOR((BO24+BP24)/2,0.1),IF(BO24=0,(BN24+BP24)/2,IF(BP24=0,(BO24+BN24)/2,FLOOR(((BN24+BO24+BP24)/3),0.1)))))))) | BT24: =SUM(BR24:BS24) | BW24: =IF(AND(BT24=0,BU24=0,BV24=0),0,IF(AND(BT24=0,BU24=0),BV24/1,IF(AND(BT24=0,BV24=0),BU24/1,IF(AND(BU24=0,BV24=0),BT24/1,IF(BT24=0,FLOOR((BU24+BV24)/2,0.1),IF(BU24=0,(BT24+BV24)/2,IF(BV24=0,(BU24+BT24)/2,FLOOR(((BT24+BU24+BV24)/3),0.1)))))))) | BX24: 25 | BY24: 68 | BZ24: =SUM(BX24:BY24) | CA24: 47 | CB24: 31 | CC24: =IF(AND(BZ24=0,CA24=0,CB24=0),0,IF(AND(BZ24=0,CA24=0),CB24/1,IF(AND(BZ24=0,CB24=0),CA24/1,IF(AND(CA24=0,CB24=0),BZ24/1,IF(BZ24=0,FLOOR((CA24+CB24)/2,0.1),IF(CA24=0,(BZ24+CB24)/2,IF(CB24=0,(CA24+BZ24)/2,FLOOR(((BZ24+CA24+CB24)/3),0.1)))))))) | CD24: 14 | CE24: 48 | CF24: =SUM(CD24:CE24) | CG24: 24 | CH24: 34 | CI24: =IF(AND(CF24=0,CG24=0,CH24=0),0,IF(AND(CF24=0,CG24=0),CH24/1,IF(AND(CF24=0,CH24=0),CG24/1,IF(AND(CG24=0,CH24=0),CF24/1,IF(CF24=0,FLOOR((CG24+CH24)/2,0.1),IF(CG24=0,(CF24+CH24)/2,IF(CH24=0,(CG24+CF24)/2,FLOOR(((CF24+CG24+CH24)/3),0.1)))))))) | CL24: =SUM(CJ24:CK24) | CO24: =IF(AND(CL24=0,CM24=0,CN24=0),0,IF(AND(CL24=0,CM24=0),CN24/1,IF(AND(CL24=0,CN24=0),CM24/1,IF(AND(CM24=0,CN24=0),CL24/1,IF(CL24=0,FLOOR((CM24+CN24)/2,0.1),IF(CM24=0,(CL24+CN24)/2,IF(CN24=0,(CM24+CL24)/2,FLOOR(((CL24+CM24+CN24)/3),0.1)))))))) | CR24: =SUM(CP24:CQ24) | CU24: =IF(AND(CR24=0,CS24=0,CT24=0),0,IF(AND(CR24=0,CS24=0),CT24/1,IF(AND(CR24=0,CT24=0),CS24/1,IF(AND(CS24=0,CT24=0),CR24/1,IF(CR24=0,FLOOR((CS24+CT24)/2,0.1),IF(CS24=0,(CR24+CT24)/2,IF(CT24=0,(CS24+CR24)/2,FLOOR(((CR24+CS24+CT24)/3),0.1)))))))) | CV24: 28 | CW24: 21 | CX24: =SUM(CV24:CW24) | CY24: 12 | CZ24: 15 | DA24: =IF(AND(CX24=0,CY24=0,CZ24=0),0,IF(AND(CX24=0,CY24=0),CZ24/1,IF(AND(CX24=0,CZ24=0),CY24/1,IF(AND(CY24=0,CZ24=0),CX24/1,IF(CX24=0,FLOOR((CY24+CZ24)/2,0.1),IF(CY24=0,(CX24+CZ24)/2,IF(CZ24=0,(CY24+CX24)/2,FLOOR(((CX24+CY24+CZ24)/3),0.1)))))))) | DD24: =SUM(DB24:DC24) | DG24: =IF(AND(DD24=0,DE24=0,DF24=0),0,IF(AND(DD24=0,DE24=0),DF24/1,IF(AND(DD24=0,DF24=0),DE24/1,IF(AND(DE24=0,DF24=0),DD24/1,IF(DD24=0,FLOOR((DE24+DF24)/2,0.1),IF(DE24=0,(DD24+DF24)/2,IF(DF24=0,(DE24+DD24)/2,FLOOR(((DD24+DE24+DF24)/3),0.1)))))))) | DH24: =SUM(O24,U24,AA24,AG24,AM24,AS24,AY24,BE24,BK24,BQ24,BW24,CC24,CI24,CO24,CU24,DA24,DG24) | DI24: =RANK(DH24,DH$4:DH$503) | DJ24: EXCELLENT(5) | DK24: GOOD(4) | DL24: GOOD(4) | DM24: EXCELLENT(5) | DN24: GOOD(4) | DO24: GOOD(4) | DP24: GOOD(4) | DQ24: GOOD(4) | DR24: 2024/2025 | DS24: THIRD | DT24: GOOD(4) | DU24: GOOD(4) | DV24: GOOD(4) | DW24: GOOD(4) | DX24: GOOD(4) | DY24: GOOD(4) | DZ24: GOOD(4) | EA24: Needs to focus more during lessons to achieve full potential. | EB24: Promoted on trial to JSS3 | EC24: MR. JIMOH WASIU OLATUNDE | ED24: Next Term Begins on Monday, 15th September, 2045
A25: 22 | B25: OGUNBAYO TAIWO | C25: 2050 | D25: Male | E25: JSS 2C | F25: 31 | G25: 122 | H25: 0 | I25: =G25-H25 | J25: 20 | K25: 14 | L25: =SUM(J25:K25) | M25: 20 | N25: 12 | O25: =IF(AND(L25=0,M25=0,N25=0),0,IF(AND(L25=0,M25=0),N25/1,IF(AND(L25=0,N25=0),M25/1,IF(AND(M25=0,N25=0),L25/1,IF(L25=0,FLOOR((M25+N25)/2,0.1),IF(M25=0,(L25+N25)/2,IF(N25=0,(M25+L25)/2,FLOOR(((L25+M25+N25)/3),0.1)))))))) | P25: 12 | Q25: 23 | R25: =SUM(P25:Q25) | S25: 34 | T25: 36 | U25: =IF(AND(R25=0,S25=0,T25=0),0,IF(AND(R25=0,S25=0),T25/1,IF(AND(R25=0,T25=0),S25/1,IF(AND(S25=0,T25=0),R25/1,IF(R25=0,FLOOR((S25+T25)/2,0.1),IF(S25=0,(R25+T25)/2,IF(T25=0,(S25+R25)/2,FLOOR(((R25+S25+T25)/3),0.1)))))))) | V25: 10 | W25: 11 | X25: =SUM(V25:W25) | Y25: 12 | Z25: 16 | AA25: =IF(AND(X25=0,Y25=0,Z25=0),0,IF(AND(X25=0,Y25=0),Z25/1,IF(AND(X25=0,Z25=0),Y25/1,IF(AND(Y25=0,Z25=0),X25/1,IF(X25=0,FLOOR((Y25+Z25)/2,0.1),IF(Y25=0,(X25+Z25)/2,IF(Z25=0,(Y25+X25)/2,FLOOR(((X25+Y25+Z25)/3),0.1)))))))) | AB25: 15 | AC25: 26 | AD25: =SUM(AB25:AC25) | AE25: 41 | AF25: 41 | AG25: =IF(AND(AD25=0,AE25=0,AF25=0),0,IF(AND(AD25=0,AE25=0),AF25/1,IF(AND(AD25=0,AF25=0),AE25/1,IF(AND(AE25=0,AF25=0),AD25/1,IF(AD25=0,FLOOR((AE25+AF25)/2,0.1),IF(AE25=0,(AD25+AF25)/2,IF(AF25=0,(AE25+AD25)/2,FLOOR(((AD25+AE25+AF25)/3),0.1)))))))) | AH25: 10 | AI25: 15 | AJ25: =SUM(AH25:AI25) | AK25: 20 | AL25: 16 | AM25: =IF(AND(AJ25=0,AK25=0,AL25=0),0,IF(AND(AJ25=0,AK25=0),AL25/1,IF(AND(AJ25=0,AL25=0),AK25/1,IF(AND(AK25=0,AL25=0),AJ25/1,IF(AJ25=0,FLOOR((AK25+AL25)/2,0.1),IF(AK25=0,(AJ25+AL25)/2,IF(AL25=0,(AK25+AJ25)/2,FLOOR(((AJ25+AK25+AL25)/3),0.1)))))))) | AP25: =SUM(AN25:AO25) | AS25: =IF(AND(AP25=0,AQ25=0,AR25=0),0,IF(AND(AP25=0,AQ25=0),AR25/1,IF(AND(AP25=0,AR25=0),AQ25/1,IF(AND(AQ25=0,AR25=0),AP25/1,IF(AP25=0,FLOOR((AQ25+AR25)/2,0.1),IF(AQ25=0,(AP25+AR25)/2,IF(AR25=0,(AQ25+AP25)/2,FLOOR(((AP25+AQ25+AR25)/3),0.1)))))))) | AT25: 17 | AU25: 22 | AV25: =SUM(AT25:AU25) | AW25: 39 | AX25: 39 | AY25: =IF(AND(AV25=0,AW25=0,AX25=0),0,IF(AND(AV25=0,AW25=0),AX25/1,IF(AND(AV25=0,AX25=0),AW25/1,IF(AND(AW25=0,AX25=0),AV25/1,IF(AV25=0,FLOOR((AW25+AX25)/2,0.1),IF(AW25=0,(AV25+AX25)/2,IF(AX25=0,(AW25+AV25)/2,FLOOR(((AV25+AW25+AX25)/3),0.1)))))))) | AZ25: 11 | BA25: 14 | BB25: =SUM(AZ25:BA25) | BC25: 31 | BD25: 12 | BE25: =IF(AND(BB25=0,BC25=0,BD25=0),0,IF(AND(BB25=0,BC25=0),BD25/1,IF(AND(BB25=0,BD25=0),BC25/1,IF(AND(BC25=0,BD25=0),BB25/1,IF(BB25=0,FLOOR((BC25+BD25)/2,0.1),IF(BC25=0,(BB25+BD25)/2,IF(BD25=0,(BC25+BB25)/2,FLOOR(((BB25+BC25+BD25)/3),0.1)))))))) | BF25: 10 | BG25: 13 | BH25: =SUM(BF25:BG25) | BI25: 23 | BJ25: 23 | BK25: =IF(AND(BH25=0,BI25=0,BJ25=0),0,IF(AND(BH25=0,BI25=0),BJ25/1,IF(AND(BH25=0,BJ25=0),BI25/1,IF(AND(BI25=0,BJ25=0),BH25/1,IF(BH25=0,FLOOR((BI25+BJ25)/2,0.1),IF(BI25=0,(BH25+BJ25)/2,IF(BJ25=0,(BI25+BH25)/2,FLOOR(((BH25+BI25+BJ25)/3),0.1)))))))) | BL25: 10 | BM25: 17 | BN25: =SUM(BL25:BM25) | BO25: 18 | BP25: 13 | BQ25: =IF(AND(BN25=0,BO25=0,BP25=0),0,IF(AND(BN25=0,BO25=0),BP25/1,IF(AND(BN25=0,BP25=0),BO25/1,IF(AND(BO25=0,BP25=0),BN25/1,IF(BN25=0,FLOOR((BO25+BP25)/2,0.1),IF(BO25=0,(BN25+BP25)/2,IF(BP25=0,(BO25+BN25)/2,FLOOR(((BN25+BO25+BP25)/3),0.1)))))))) | BT25: =SUM(BR25:BS25) | BW25: =IF(AND(BT25=0,BU25=0,BV25=0),0,IF(AND(BT25=0,BU25=0),BV25/1,IF(AND(BT25=0,BV25=0),BU25/1,IF(AND(BU25=0,BV25=0),BT25/1,IF(BT25=0,FLOOR((BU25+BV25)/2,0.1),IF(BU25=0,(BT25+BV25)/2,IF(BV25=0,(BU25+BT25)/2,FLOOR(((BT25+BU25+BV25)/3),0.1)))))))) | BX25: 15 | BY25: 37 | BZ25: =SUM(BX25:BY25) | CA25: 40 | CB25: 25 | CC25: =IF(AND(BZ25=0,CA25=0,CB25=0),0,IF(AND(BZ25=0,CA25=0),CB25/1,IF(AND(BZ25=0,CB25=0),CA25/1,IF(AND(CA25=0,CB25=0),BZ25/1,IF(BZ25=0,FLOOR((CA25+CB25)/2,0.1),IF(CA25=0,(BZ25+CB25)/2,IF(CB25=0,(CA25+BZ25)/2,FLOOR(((BZ25+CA25+CB25)/3),0.1)))))))) | CD25: 14 | CE25: 12 | CF25: =SUM(CD25:CE25) | CG25: 26 | CH25: 26 | CI25: =IF(AND(CF25=0,CG25=0,CH25=0),0,IF(AND(CF25=0,CG25=0),CH25/1,IF(AND(CF25=0,CH25=0),CG25/1,IF(AND(CG25=0,CH25=0),CF25/1,IF(CF25=0,FLOOR((CG25+CH25)/2,0.1),IF(CG25=0,(CF25+CH25)/2,IF(CH25=0,(CG25+CF25)/2,FLOOR(((CF25+CG25+CH25)/3),0.1)))))))) | CL25: =SUM(CJ25:CK25) | CO25: =IF(AND(CL25=0,CM25=0,CN25=0),0,IF(AND(CL25=0,CM25=0),CN25/1,IF(AND(CL25=0,CN25=0),CM25/1,IF(AND(CM25=0,CN25=0),CL25/1,IF(CL25=0,FLOOR((CM25+CN25)/2,0.1),IF(CM25=0,(CL25+CN25)/2,IF(CN25=0,(CM25+CL25)/2,FLOOR(((CL25+CM25+CN25)/3),0.1)))))))) | CR25: =SUM(CP25:CQ25) | CU25: =IF(AND(CR25=0,CS25=0,CT25=0),0,IF(AND(CR25=0,CS25=0),CT25/1,IF(AND(CR25=0,CT25=0),CS25/1,IF(AND(CS25=0,CT25=0),CR25/1,IF(CR25=0,FLOOR((CS25+CT25)/2,0.1),IF(CS25=0,(CR25+CT25)/2,IF(CT25=0,(CS25+CR25)/2,FLOOR(((CR25+CS25+CT25)/3),0.1)))))))) | CV25: 10 | CW25: 15 | CX25: =SUM(CV25:CW25) | CY25: 20 | CZ25: 15 | DA25: =IF(AND(CX25=0,CY25=0,CZ25=0),0,IF(AND(CX25=0,CY25=0),CZ25/1,IF(AND(CX25=0,CZ25=0),CY25/1,IF(AND(CY25=0,CZ25=0),CX25/1,IF(CX25=0,FLOOR((CY25+CZ25)/2,0.1),IF(CY25=0,(CX25+CZ25)/2,IF(CZ25=0,(CY25+CX25)/2,FLOOR(((CX25+CY25+CZ25)/3),0.1)))))))) | DD25: =SUM(DB25:DC25) | DG25: =IF(AND(DD25=0,DE25=0,DF25=0),0,IF(AND(DD25=0,DE25=0),DF25/1,IF(AND(DD25=0,DF25=0),DE25/1,IF(AND(DE25=0,DF25=0),DD25/1,IF(DD25=0,FLOOR((DE25+DF25)/2,0.1),IF(DE25=0,(DD25+DF25)/2,IF(DF25=0,(DE25+DD25)/2,FLOOR(((DD25+DE25+DF25)/3),0.1)))))))) | DH25: =SUM(O25,U25,AA25,AG25,AM25,AS25,AY25,BE25,BK25,BQ25,BW25,CC25,CI25,CO25,CU25,DA25,DG25) | DI25: =RANK(DH25,DH$4:DH$503) | DJ25: FAIR(1) | DK25: FAIR(1) | DL25: FAIR(1) | DM25: FAIR(1) | DN25: FAIR(1) | DO25: AVERAGE(3) | DP25: GOOD(4) | DQ25: GOOD(4) | DR25: 2024/2025 | DS25: THIRD | DT25: GOOD(4) | DU25: GOOD(4) | DV25: GOOD(4) | DW25: GOOD(4) | DX25: GOOD(4) | DY25: GOOD(4) | DZ25: GOOD(4) | EA25: Add the Tutor's Comment . . . | EB25: To repeat JSS2 | EC25: MR. JIMOH WASIU OLATUNDE | ED25: Next Term Begins on Monday, 15th September, 2046
A26: 23 | B26: OJEBISI OJEYIOLA | C26: 1828 | D26: Female | E26: JSS 2C | F26: 31 | G26: 122 | H26: 118 | I26: =G26-H26 | J26: 28 | K26: 37 | L26: =SUM(J26:K26) | M26: 29 | N26: 68 | O26: =IF(AND(L26=0,M26=0,N26=0),0,IF(AND(L26=0,M26=0),N26/1,IF(AND(L26=0,N26=0),M26/1,IF(AND(M26=0,N26=0),L26/1,IF(L26=0,FLOOR((M26+N26)/2,0.1),IF(M26=0,(L26+N26)/2,IF(N26=0,(M26+L26)/2,FLOOR(((L26+M26+N26)/3),0.1)))))))) | P26: 26 | Q26: 52 | R26: =SUM(P26:Q26) | S26: 74 | T26: 81 | U26: =IF(AND(R26=0,S26=0,T26=0),0,IF(AND(R26=0,S26=0),T26/1,IF(AND(R26=0,T26=0),S26/1,IF(AND(S26=0,T26=0),R26/1,IF(R26=0,FLOOR((S26+T26)/2,0.1),IF(S26=0,(R26+T26)/2,IF(T26=0,(S26+R26)/2,FLOOR(((R26+S26+T26)/3),0.1)))))))) | V26: 21 | W26: 28 | X26: =SUM(V26:W26) | Y26: 58 | Z26: 54 | AA26: =IF(AND(X26=0,Y26=0,Z26=0),0,IF(AND(X26=0,Y26=0),Z26/1,IF(AND(X26=0,Z26=0),Y26/1,IF(AND(Y26=0,Z26=0),X26/1,IF(X26=0,FLOOR((Y26+Z26)/2,0.1),IF(Y26=0,(X26+Z26)/2,IF(Z26=0,(Y26+X26)/2,FLOOR(((X26+Y26+Z26)/3),0.1)))))))) | AB26: 24 | AC26: 60 | AD26: =SUM(AB26:AC26) | AE26: 100 | AF26: 92 | AG26: =IF(AND(AD26=0,AE26=0,AF26=0),0,IF(AND(AD26=0,AE26=0),AF26/1,IF(AND(AD26=0,AF26=0),AE26/1,IF(AND(AE26=0,AF26=0),AD26/1,IF(AD26=0,FLOOR((AE26+AF26)/2,0.1),IF(AE26=0,(AD26+AF26)/2,IF(AF26=0,(AE26+AD26)/2,FLOOR(((AD26+AE26+AF26)/3),0.1)))))))) | AH26: 17 | AI26: 38 | AJ26: =SUM(AH26:AI26) | AK26: 57 | AL26: 58 | AM26: =IF(AND(AJ26=0,AK26=0,AL26=0),0,IF(AND(AJ26=0,AK26=0),AL26/1,IF(AND(AJ26=0,AL26=0),AK26/1,IF(AND(AK26=0,AL26=0),AJ26/1,IF(AJ26=0,FLOOR((AK26+AL26)/2,0.1),IF(AK26=0,(AJ26+AL26)/2,IF(AL26=0,(AK26+AJ26)/2,FLOOR(((AJ26+AK26+AL26)/3),0.1)))))))) | AP26: =SUM(AN26:AO26) | AS26: =IF(AND(AP26=0,AQ26=0,AR26=0),0,IF(AND(AP26=0,AQ26=0),AR26/1,IF(AND(AP26=0,AR26=0),AQ26/1,IF(AND(AQ26=0,AR26=0),AP26/1,IF(AP26=0,FLOOR((AQ26+AR26)/2,0.1),IF(AQ26=0,(AP26+AR26)/2,IF(AR26=0,(AQ26+AP26)/2,FLOOR(((AP26+AQ26+AR26)/3),0.1)))))))) | AT26: 30 | AU26: 50 | AV26: =SUM(AT26:AU26) | AW26: 60 | AX26: 59 | AY26: =IF(AND(AV26=0,AW26=0,AX26=0),0,IF(AND(AV26=0,AW26=0),AX26/1,IF(AND(AV26=0,AX26=0),AW26/1,IF(AND(AW26=0,AX26=0),AV26/1,IF(AV26=0,FLOOR((AW26+AX26)/2,0.1),IF(AW26=0,(AV26+AX26)/2,IF(AX26=0,(AW26+AV26)/2,FLOOR(((AV26+AW26+AX26)/3),0.1)))))))) | AZ26: 24 | BA26: 32 | BB26: =SUM(AZ26:BA26) | BC26: 62 | BD26: 59 | BE26: =IF(AND(BB26=0,BC26=0,BD26=0),0,IF(AND(BB26=0,BC26=0),BD26/1,IF(AND(BB26=0,BD26=0),BC26/1,IF(AND(BC26=0,BD26=0),BB26/1,IF(BB26=0,FLOOR((BC26+BD26)/2,0.1),IF(BC26=0,(BB26+BD26)/2,IF(BD26=0,(BC26+BB26)/2,FLOOR(((BB26+BC26+BD26)/3),0.1)))))))) | BF26: 15 | BG26: 34 | BH26: =SUM(BF26:BG26) | BI26: 68 | BJ26: 49 | BK26: =IF(AND(BH26=0,BI26=0,BJ26=0),0,IF(AND(BH26=0,BI26=0),BJ26/1,IF(AND(BH26=0,BJ26=0),BI26/1,IF(AND(BI26=0,BJ26=0),BH26/1,IF(BH26=0,FLOOR((BI26+BJ26)/2,0.1),IF(BI26=0,(BH26+BJ26)/2,IF(BJ26=0,(BI26+BH26)/2,FLOOR(((BH26+BI26+BJ26)/3),0.1)))))))) | BL26: 16 | BM26: 35 | BN26: =SUM(BL26:BM26) | BO26: 71 | BP26: 45 | BQ26: =IF(AND(BN26=0,BO26=0,BP26=0),0,IF(AND(BN26=0,BO26=0),BP26/1,IF(AND(BN26=0,BP26=0),BO26/1,IF(AND(BO26=0,BP26=0),BN26/1,IF(BN26=0,FLOOR((BO26+BP26)/2,0.1),IF(BO26=0,(BN26+BP26)/2,IF(BP26=0,(BO26+BN26)/2,FLOOR(((BN26+BO26+BP26)/3),0.1)))))))) | BT26: =SUM(BR26:BS26) | BW26: =IF(AND(BT26=0,BU26=0,BV26=0),0,IF(AND(BT26=0,BU26=0),BV26/1,IF(AND(BT26=0,BV26=0),BU26/1,IF(AND(BU26=0,BV26=0),BT26/1,IF(BT26=0,FLOOR((BU26+BV26)/2,0.1),IF(BU26=0,(BT26+BV26)/2,IF(BV26=0,(BU26+BT26)/2,FLOOR(((BT26+BU26+BV26)/3),0.1)))))))) | BX26: 24 | BY26: 59 | BZ26: =SUM(BX26:BY26) | CA26: 89 | CB26: 10 | CC26: =IF(AND(BZ26=0,CA26=0,CB26=0),0,IF(AND(BZ26=0,CA26=0),CB26/1,IF(AND(BZ26=0,CB26=0),CA26/1,IF(AND(CA26=0,CB26=0),BZ26/1,IF(BZ26=0,FLOOR((CA26+CB26)/2,0.1),IF(CA26=0,(BZ26+CB26)/2,IF(CB26=0,(CA26+BZ26)/2,FLOOR(((BZ26+CA26+CB26)/3),0.1)))))))) | CD26: 14 | CE26: 51 | CF26: =SUM(CD26:CE26) | CG26: 43 | CH26: 42 | CI26: =IF(AND(CF26=0,CG26=0,CH26=0),0,IF(AND(CF26=0,CG26=0),CH26/1,IF(AND(CF26=0,CH26=0),CG26/1,IF(AND(CG26=0,CH26=0),CF26/1,IF(CF26=0,FLOOR((CG26+CH26)/2,0.1),IF(CG26=0,(CF26+CH26)/2,IF(CH26=0,(CG26+CF26)/2,FLOOR(((CF26+CG26+CH26)/3),0.1)))))))) | CL26: =SUM(CJ26:CK26) | CO26: =IF(AND(CL26=0,CM26=0,CN26=0),0,IF(AND(CL26=0,CM26=0),CN26/1,IF(AND(CL26=0,CN26=0),CM26/1,IF(AND(CM26=0,CN26=0),CL26/1,IF(CL26=0,FLOOR((CM26+CN26)/2,0.1),IF(CM26=0,(CL26+CN26)/2,IF(CN26=0,(CM26+CL26)/2,FLOOR(((CL26+CM26+CN26)/3),0.1)))))))) | CR26: =SUM(CP26:CQ26) | CU26: =IF(AND(CR26=0,CS26=0,CT26=0),0,IF(AND(CR26=0,CS26=0),CT26/1,IF(AND(CR26=0,CT26=0),CS26/1,IF(AND(CS26=0,CT26=0),CR26/1,IF(CR26=0,FLOOR((CS26+CT26)/2,0.1),IF(CS26=0,(CR26+CT26)/2,IF(CT26=0,(CS26+CR26)/2,FLOOR(((CR26+CS26+CT26)/3),0.1)))))))) | CV26: 30 | CW26: 36 | CX26: =SUM(CV26:CW26) | CY26: 32 | CZ26: 25 | DA26: =IF(AND(CX26=0,CY26=0,CZ26=0),0,IF(AND(CX26=0,CY26=0),CZ26/1,IF(AND(CX26=0,CZ26=0),CY26/1,IF(AND(CY26=0,CZ26=0),CX26/1,IF(CX26=0,FLOOR((CY26+CZ26)/2,0.1),IF(CY26=0,(CX26+CZ26)/2,IF(CZ26=0,(CY26+CX26)/2,FLOOR(((CX26+CY26+CZ26)/3),0.1)))))))) | DD26: =SUM(DB26:DC26) | DG26: =IF(AND(DD26=0,DE26=0,DF26=0),0,IF(AND(DD26=0,DE26=0),DF26/1,IF(AND(DD26=0,DF26=0),DE26/1,IF(AND(DE26=0,DF26=0),DD26/1,IF(DD26=0,FLOOR((DE26+DF26)/2,0.1),IF(DE26=0,(DD26+DF26)/2,IF(DF26=0,(DE26+DD26)/2,FLOOR(((DD26+DE26+DF26)/3),0.1)))))))) | DH26: =SUM(O26,U26,AA26,AG26,AM26,AS26,AY26,BE26,BK26,BQ26,BW26,CC26,CI26,CO26,CU26,DA26,DG26) | DI26: =RANK(DH26,DH$4:DH$503) | DJ26: GOOD(4) | DK26: GOOD(4) | DL26: GOOD(4) | DM26: EXCELLENT(5) | DN26: GOOD(4) | DO26: GOOD(4) | DP26: GOOD(4) | DQ26: GOOD(4) | DR26: 2024/2025 | DS26: THIRD | DT26: GOOD(4) | DU26: GOOD(4) | DV26: GOOD(4) | DW26: GOOD(4) | DX26: GOOD(4) | DY26: GOOD(4) | DZ26: GOOD(4) | EA26: Demonstrates a positive attitude and respect for rules. | EB26: Promoted on trial to JSS3 | EC26: MR. JIMOH WASIU OLATUNDE | ED26: Next Term Begins on Monday, 15th September, 2047
A27: 24 | B27: OJO JOHNSON | C27: 1735 | D27: Male | E27: JSS 2C | F27: 31 | G27: 122 | H27: 110 | I27: =G27-H27 | J27: 15 | K27: 17 | L27: =SUM(J27:K27) | M27: 24 | N27: 23 | O27: =IF(AND(L27=0,M27=0,N27=0),0,IF(AND(L27=0,M27=0),N27/1,IF(AND(L27=0,N27=0),M27/1,IF(AND(M27=0,N27=0),L27/1,IF(L27=0,FLOOR((M27+N27)/2,0.1),IF(M27=0,(L27+N27)/2,IF(N27=0,(M27+L27)/2,FLOOR(((L27+M27+N27)/3),0.1)))))))) | P27: 11 | Q27: 22 | R27: =SUM(P27:Q27) | S27: 57 | T27: 10 | U27: =IF(AND(R27=0,S27=0,T27=0),0,IF(AND(R27=0,S27=0),T27/1,IF(AND(R27=0,T27=0),S27/1,IF(AND(S27=0,T27=0),R27/1,IF(R27=0,FLOOR((S27+T27)/2,0.1),IF(S27=0,(R27+T27)/2,IF(T27=0,(S27+R27)/2,FLOOR(((R27+S27+T27)/3),0.1)))))))) | V27: 24 | W27: 20 | X27: =SUM(V27:W27) | Y27: 51 | Z27: 48 | AA27: =IF(AND(X27=0,Y27=0,Z27=0),0,IF(AND(X27=0,Y27=0),Z27/1,IF(AND(X27=0,Z27=0),Y27/1,IF(AND(Y27=0,Z27=0),X27/1,IF(X27=0,FLOOR((Y27+Z27)/2,0.1),IF(Y27=0,(X27+Z27)/2,IF(Z27=0,(Y27+X27)/2,FLOOR(((X27+Y27+Z27)/3),0.1)))))))) | AB27: 18 | AC27: 39 | AD27: =SUM(AB27:AC27) | AE27: 40 | AF27: 48 | AG27: =IF(AND(AD27=0,AE27=0,AF27=0),0,IF(AND(AD27=0,AE27=0),AF27/1,IF(AND(AD27=0,AF27=0),AE27/1,IF(AND(AE27=0,AF27=0),AD27/1,IF(AD27=0,FLOOR((AE27+AF27)/2,0.1),IF(AE27=0,(AD27+AF27)/2,IF(AF27=0,(AE27+AD27)/2,FLOOR(((AD27+AE27+AF27)/3),0.1)))))))) | AH27: 17 | AI27: 29 | AJ27: =SUM(AH27:AI27) | AK27: 54 | AL27: 24 | AM27: =IF(AND(AJ27=0,AK27=0,AL27=0),0,IF(AND(AJ27=0,AK27=0),AL27/1,IF(AND(AJ27=0,AL27=0),AK27/1,IF(AND(AK27=0,AL27=0),AJ27/1,IF(AJ27=0,FLOOR((AK27+AL27)/2,0.1),IF(AK27=0,(AJ27+AL27)/2,IF(AL27=0,(AK27+AJ27)/2,FLOOR(((AJ27+AK27+AL27)/3),0.1)))))))) | AP27: =SUM(AN27:AO27) | AS27: =IF(AND(AP27=0,AQ27=0,AR27=0),0,IF(AND(AP27=0,AQ27=0),AR27/1,IF(AND(AP27=0,AR27=0),AQ27/1,IF(AND(AQ27=0,AR27=0),AP27/1,IF(AP27=0,FLOOR((AQ27+AR27)/2,0.1),IF(AQ27=0,(AP27+AR27)/2,IF(AR27=0,(AQ27+AP27)/2,FLOOR(((AP27+AQ27+AR27)/3),0.1)))))))) | AT27: 20 | AU27: 30 | AV27: =SUM(AT27:AU27) | AW27: 31 | AX27: 50 | AY27: =IF(AND(AV27=0,AW27=0,AX27=0),0,IF(AND(AV27=0,AW27=0),AX27/1,IF(AND(AV27=0,AX27=0),AW27/1,IF(AND(AW27=0,AX27=0),AV27/1,IF(AV27=0,FLOOR((AW27+AX27)/2,0.1),IF(AW27=0,(AV27+AX27)/2,IF(AX27=0,(AW27+AV27)/2,FLOOR(((AV27+AW27+AX27)/3),0.1)))))))) | AZ27: 24 | BA27: 28 | BB27: =SUM(AZ27:BA27) | BC27: 56 | BD27: 54 | BE27: =IF(AND(BB27=0,BC27=0,BD27=0),0,IF(AND(BB27=0,BC27=0),BD27/1,IF(AND(BB27=0,BD27=0),BC27/1,IF(AND(BC27=0,BD27=0),BB27/1,IF(BB27=0,FLOOR((BC27+BD27)/2,0.1),IF(BC27=0,(BB27+BD27)/2,IF(BD27=0,(BC27+BB27)/2,FLOOR(((BB27+BC27+BD27)/3),0.1)))))))) | BF27: 15 | BG27: 38 | BH27: =SUM(BF27:BG27) | BI27: 47 | BJ27: 36 | BK27: =IF(AND(BH27=0,BI27=0,BJ27=0),0,IF(AND(BH27=0,BI27=0),BJ27/1,IF(AND(BH27=0,BJ27=0),BI27/1,IF(AND(BI27=0,BJ27=0),BH27/1,IF(BH27=0,FLOOR((BI27+BJ27)/2,0.1),IF(BI27=0,(BH27+BJ27)/2,IF(BJ27=0,(BI27+BH27)/2,FLOOR(((BH27+BI27+BJ27)/3),0.1)))))))) | BL27: 17 | BM27: 35 | BN27: =SUM(BL27:BM27) | BO27: 31 | BP27: 40 | BQ27: =IF(AND(BN27=0,BO27=0,BP27=0),0,IF(AND(BN27=0,BO27=0),BP27/1,IF(AND(BN27=0,BP27=0),BO27/1,IF(AND(BO27=0,BP27=0),BN27/1,IF(BN27=0,FLOOR((BO27+BP27)/2,0.1),IF(BO27=0,(BN27+BP27)/2,IF(BP27=0,(BO27+BN27)/2,FLOOR(((BN27+BO27+BP27)/3),0.1)))))))) | BT27: =SUM(BR27:BS27) | BW27: =IF(AND(BT27=0,BU27=0,BV27=0),0,IF(AND(BT27=0,BU27=0),BV27/1,IF(AND(BT27=0,BV27=0),BU27/1,IF(AND(BU27=0,BV27=0),BT27/1,IF(BT27=0,FLOOR((BU27+BV27)/2,0.1),IF(BU27=0,(BT27+BV27)/2,IF(BV27=0,(BU27+BT27)/2,FLOOR(((BT27+BU27+BV27)/3),0.1)))))))) | BX27: 23 | BY27: 67 | BZ27: =SUM(BX27:BY27) | CA27: 31 | CB27: 44 | CC27: =IF(AND(BZ27=0,CA27=0,CB27=0),0,IF(AND(BZ27=0,CA27=0),CB27/1,IF(AND(BZ27=0,CB27=0),CA27/1,IF(AND(CA27=0,CB27=0),BZ27/1,IF(BZ27=0,FLOOR((CA27+CB27)/2,0.1),IF(CA27=0,(BZ27+CB27)/2,IF(CB27=0,(CA27+BZ27)/2,FLOOR(((BZ27+CA27+CB27)/3),0.1)))))))) | CD27: 12 | CE27: 40 | CF27: =SUM(CD27:CE27) | CG27: 30 | CH27: 33 | CI27: =IF(AND(CF27=0,CG27=0,CH27=0),0,IF(AND(CF27=0,CG27=0),CH27/1,IF(AND(CF27=0,CH27=0),CG27/1,IF(AND(CG27=0,CH27=0),CF27/1,IF(CF27=0,FLOOR((CG27+CH27)/2,0.1),IF(CG27=0,(CF27+CH27)/2,IF(CH27=0,(CG27+CF27)/2,FLOOR(((CF27+CG27+CH27)/3),0.1)))))))) | CL27: =SUM(CJ27:CK27) | CO27: =IF(AND(CL27=0,CM27=0,CN27=0),0,IF(AND(CL27=0,CM27=0),CN27/1,IF(AND(CL27=0,CN27=0),CM27/1,IF(AND(CM27=0,CN27=0),CL27/1,IF(CL27=0,FLOOR((CM27+CN27)/2,0.1),IF(CM27=0,(CL27+CN27)/2,IF(CN27=0,(CM27+CL27)/2,FLOOR(((CL27+CM27+CN27)/3),0.1)))))))) | CR27: =SUM(CP27:CQ27) | CU27: =IF(AND(CR27=0,CS27=0,CT27=0),0,IF(AND(CR27=0,CS27=0),CT27/1,IF(AND(CR27=0,CT27=0),CS27/1,IF(AND(CS27=0,CT27=0),CR27/1,IF(CR27=0,FLOOR((CS27+CT27)/2,0.1),IF(CS27=0,(CR27+CT27)/2,IF(CT27=0,(CS27+CR27)/2,FLOOR(((CR27+CS27+CT27)/3),0.1)))))))) | CV27: 30 | CW27: 28 | CX27: =SUM(CV27:CW27) | CY27: 36 | CZ27: 30 | DA27: =IF(AND(CX27=0,CY27=0,CZ27=0),0,IF(AND(CX27=0,CY27=0),CZ27/1,IF(AND(CX27=0,CZ27=0),CY27/1,IF(AND(CY27=0,CZ27=0),CX27/1,IF(CX27=0,FLOOR((CY27+CZ27)/2,0.1),IF(CY27=0,(CX27+CZ27)/2,IF(CZ27=0,(CY27+CX27)/2,FLOOR(((CX27+CY27+CZ27)/3),0.1)))))))) | DD27: =SUM(DB27:DC27) | DG27: =IF(AND(DD27=0,DE27=0,DF27=0),0,IF(AND(DD27=0,DE27=0),DF27/1,IF(AND(DD27=0,DF27=0),DE27/1,IF(AND(DE27=0,DF27=0),DD27/1,IF(DD27=0,FLOOR((DE27+DF27)/2,0.1),IF(DE27=0,(DD27+DF27)/2,IF(DF27=0,(DE27+DD27)/2,FLOOR(((DD27+DE27+DF27)/3),0.1)))))))) | DH27: =SUM(O27,U27,AA27,AG27,AM27,AS27,AY27,BE27,BK27,BQ27,BW27,CC27,CI27,CO27,CU27,DA27,DG27) | DI27: =RANK(DH27,DH$4:DH$503) | DJ27: EXCELLENT(5) | DK27: GOOD(4) | DL27: GOOD(4) | DM27: EXCELLENT(5) | DN27: GOOD(4) | DO27: GOOD(4) | DP27: GOOD(4) | DQ27: GOOD(4) | DR27: 2024/2025 | DS27: THIRD | DT27: GOOD(4) | DU27: GOOD(4) | DV27: GOOD(4) | DW27: GOOD(4) | DX27: GOOD(4) | DY27: GOOD(4) | DZ27: GOOD(4) | EA27: Needs to focus more during lessons to achieve full potential. | EB27: Promoted on trial to JSS3 | EC27: MR. JIMOH WASIU OLATUNDE | ED27: Next Term Begins on Monday, 15th September, 2048
A28: 25 | B28: OJO PRECIOUS O. | C28: 1852 | D28: Female | E28: JSS 2C | F28: 31 | G28: 122 | H28: 110 | I28: =G28-H28 | J28: 18 | K28: 18 | L28: =SUM(J28:K28) | M28: 26 | N28: 28 | O28: =IF(AND(L28=0,M28=0,N28=0),0,IF(AND(L28=0,M28=0),N28/1,IF(AND(L28=0,N28=0),M28/1,IF(AND(M28=0,N28=0),L28/1,IF(L28=0,FLOOR((M28+N28)/2,0.1),IF(M28=0,(L28+N28)/2,IF(N28=0,(M28+L28)/2,FLOOR(((L28+M28+N28)/3),0.1)))))))) | P28: 15 | Q28: 30 | R28: =SUM(P28:Q28) | S28: 54 | T28: 37 | U28: =IF(AND(R28=0,S28=0,T28=0),0,IF(AND(R28=0,S28=0),T28/1,IF(AND(R28=0,T28=0),S28/1,IF(AND(S28=0,T28=0),R28/1,IF(R28=0,FLOOR((S28+T28)/2,0.1),IF(S28=0,(R28+T28)/2,IF(T28=0,(S28+R28)/2,FLOOR(((R28+S28+T28)/3),0.1)))))))) | V28: 22 | W28: 10 | X28: =SUM(V28:W28) | Y28: 35 | Z28: 34 | AA28: =IF(AND(X28=0,Y28=0,Z28=0),0,IF(AND(X28=0,Y28=0),Z28/1,IF(AND(X28=0,Z28=0),Y28/1,IF(AND(Y28=0,Z28=0),X28/1,IF(X28=0,FLOOR((Y28+Z28)/2,0.1),IF(Y28=0,(X28+Z28)/2,IF(Z28=0,(Y28+X28)/2,FLOOR(((X28+Y28+Z28)/3),0.1)))))))) | AB28: 22 | AC28: 39 | AD28: =SUM(AB28:AC28) | AE28: 63 | AF28: 62 | AG28: =IF(AND(AD28=0,AE28=0,AF28=0),0,IF(AND(AD28=0,AE28=0),AF28/1,IF(AND(AD28=0,AF28=0),AE28/1,IF(AND(AE28=0,AF28=0),AD28/1,IF(AD28=0,FLOOR((AE28+AF28)/2,0.1),IF(AE28=0,(AD28+AF28)/2,IF(AF28=0,(AE28+AD28)/2,FLOOR(((AD28+AE28+AF28)/3),0.1)))))))) | AH28: 20 | AI28: 32 | AJ28: =SUM(AH28:AI28) | AK28: 49 | AL28: 28 | AM28: =IF(AND(AJ28=0,AK28=0,AL28=0),0,IF(AND(AJ28=0,AK28=0),AL28/1,IF(AND(AJ28=0,AL28=0),AK28/1,IF(AND(AK28=0,AL28=0),AJ28/1,IF(AJ28=0,FLOOR((AK28+AL28)/2,0.1),IF(AK28=0,(AJ28+AL28)/2,IF(AL28=0,(AK28+AJ28)/2,FLOOR(((AJ28+AK28+AL28)/3),0.1)))))))) | AP28: =SUM(AN28:AO28) | AS28: =IF(AND(AP28=0,AQ28=0,AR28=0),0,IF(AND(AP28=0,AQ28=0),AR28/1,IF(AND(AP28=0,AR28=0),AQ28/1,IF(AND(AQ28=0,AR28=0),AP28/1,IF(AP28=0,FLOOR((AQ28+AR28)/2,0.1),IF(AQ28=0,(AP28+AR28)/2,IF(AR28=0,(AQ28+AP28)/2,FLOOR(((AP28+AQ28+AR28)/3),0.1)))))))) | AT28: 28 | AU28: 30 | AV28: =SUM(AT28:AU28) | AW28: 35 | AX28: 40 | AY28: =IF(AND(AV28=0,AW28=0,AX28=0),0,IF(AND(AV28=0,AW28=0),AX28/1,IF(AND(AV28=0,AX28=0),AW28/1,IF(AND(AW28=0,AX28=0),AV28/1,IF(AV28=0,FLOOR((AW28+AX28)/2,0.1),IF(AW28=0,(AV28+AX28)/2,IF(AX28=0,(AW28+AV28)/2,FLOOR(((AV28+AW28+AX28)/3),0.1)))))))) | AZ28: 21 | BA28: 30 | BB28: =SUM(AZ28:BA28) | BC28: 42 | BD28: 46 | BE28: =IF(AND(BB28=0,BC28=0,BD28=0),0,IF(AND(BB28=0,BC28=0),BD28/1,IF(AND(BB28=0,BD28=0),BC28/1,IF(AND(BC28=0,BD28=0),BB28/1,IF(BB28=0,FLOOR((BC28+BD28)/2,0.1),IF(BC28=0,(BB28+BD28)/2,IF(BD28=0,(BC28+BB28)/2,FLOOR(((BB28+BC28+BD28)/3),0.1)))))))) | BF28: 16 | BG28: 43 | BH28: =SUM(BF28:BG28) | BI28: 55 | BJ28: 31 | BK28: =IF(AND(BH28=0,BI28=0,BJ28=0),0,IF(AND(BH28=0,BI28=0),BJ28/1,IF(AND(BH28=0,BJ28=0),BI28/1,IF(AND(BI28=0,BJ28=0),BH28/1,IF(BH28=0,FLOOR((BI28+BJ28)/2,0.1),IF(BI28=0,(BH28+BJ28)/2,IF(BJ28=0,(BI28+BH28)/2,FLOOR(((BH28+BI28+BJ28)/3),0.1)))))))) | BL28: 17 | BM28: 33 | BN28: =SUM(BL28:BM28) | BO28: 24 | BP28: 44 | BQ28: =IF(AND(BN28=0,BO28=0,BP28=0),0,IF(AND(BN28=0,BO28=0),BP28/1,IF(AND(BN28=0,BP28=0),BO28/1,IF(AND(BO28=0,BP28=0),BN28/1,IF(BN28=0,FLOOR((BO28+BP28)/2,0.1),IF(BO28=0,(BN28+BP28)/2,IF(BP28=0,(BO28+BN28)/2,FLOOR(((BN28+BO28+BP28)/3),0.1)))))))) | BT28: =SUM(BR28:BS28) | BW28: =IF(AND(BT28=0,BU28=0,BV28=0),0,IF(AND(BT28=0,BU28=0),BV28/1,IF(AND(BT28=0,BV28=0),BU28/1,IF(AND(BU28=0,BV28=0),BT28/1,IF(BT28=0,FLOOR((BU28+BV28)/2,0.1),IF(BU28=0,(BT28+BV28)/2,IF(BV28=0,(BU28+BT28)/2,FLOOR(((BT28+BU28+BV28)/3),0.1)))))))) | BX28: 22 | BY28: 70 | BZ28: =SUM(BX28:BY28) | CA28: 39 | CB28: 43 | CC28: =IF(AND(BZ28=0,CA28=0,CB28=0),0,IF(AND(BZ28=0,CA28=0),CB28/1,IF(AND(BZ28=0,CB28=0),CA28/1,IF(AND(CA28=0,CB28=0),BZ28/1,IF(BZ28=0,FLOOR((CA28+CB28)/2,0.1),IF(CA28=0,(BZ28+CB28)/2,IF(CB28=0,(CA28+BZ28)/2,FLOOR(((BZ28+CA28+CB28)/3),0.1)))))))) | CD28: 13 | CE28: 42 | CF28: =SUM(CD28:CE28) | CG28: 28 | CH28: 36 | CI28: =IF(AND(CF28=0,CG28=0,CH28=0),0,IF(AND(CF28=0,CG28=0),CH28/1,IF(AND(CF28=0,CH28=0),CG28/1,IF(AND(CG28=0,CH28=0),CF28/1,IF(CF28=0,FLOOR((CG28+CH28)/2,0.1),IF(CG28=0,(CF28+CH28)/2,IF(CH28=0,(CG28+CF28)/2,FLOOR(((CF28+CG28+CH28)/3),0.1)))))))) | CL28: =SUM(CJ28:CK28) | CO28: =IF(AND(CL28=0,CM28=0,CN28=0),0,IF(AND(CL28=0,CM28=0),CN28/1,IF(AND(CL28=0,CN28=0),CM28/1,IF(AND(CM28=0,CN28=0),CL28/1,IF(CL28=0,FLOOR((CM28+CN28)/2,0.1),IF(CM28=0,(CL28+CN28)/2,IF(CN28=0,(CM28+CL28)/2,FLOOR(((CL28+CM28+CN28)/3),0.1)))))))) | CR28: =SUM(CP28:CQ28) | CU28: =IF(AND(CR28=0,CS28=0,CT28=0),0,IF(AND(CR28=0,CS28=0),CT28/1,IF(AND(CR28=0,CT28=0),CS28/1,IF(AND(CS28=0,CT28=0),CR28/1,IF(CR28=0,FLOOR((CS28+CT28)/2,0.1),IF(CS28=0,(CR28+CT28)/2,IF(CT28=0,(CS28+CR28)/2,FLOOR(((CR28+CS28+CT28)/3),0.1)))))))) | CV28: 28 | CW28: 25 | CX28: =SUM(CV28:CW28) | CY28: 23 | CZ28: 27 | DA28: =IF(AND(CX28=0,CY28=0,CZ28=0),0,IF(AND(CX28=0,CY28=0),CZ28/1,IF(AND(CX28=0,CZ28=0),CY28/1,IF(AND(CY28=0,CZ28=0),CX28/1,IF(CX28=0,FLOOR((CY28+CZ28)/2,0.1),IF(CY28=0,(CX28+CZ28)/2,IF(CZ28=0,(CY28+CX28)/2,FLOOR(((CX28+CY28+CZ28)/3),0.1)))))))) | DD28: =SUM(DB28:DC28) | DG28: =IF(AND(DD28=0,DE28=0,DF28=0),0,IF(AND(DD28=0,DE28=0),DF28/1,IF(AND(DD28=0,DF28=0),DE28/1,IF(AND(DE28=0,DF28=0),DD28/1,IF(DD28=0,FLOOR((DE28+DF28)/2,0.1),IF(DE28=0,(DD28+DF28)/2,IF(DF28=0,(DE28+DD28)/2,FLOOR(((DD28+DE28+DF28)/3),0.1)))))))) | DH28: =SUM(O28,U28,AA28,AG28,AM28,AS28,AY28,BE28,BK28,BQ28,BW28,CC28,CI28,CO28,CU28,DA28,DG28) | DI28: =RANK(DH28,DH$4:DH$503) | DJ28: EXCELLENT(5) | DK28: GOOD(4) | DL28: GOOD(4) | DM28: EXCELLENT(5) | DN28: GOOD(4) | DO28: GOOD(4) | DP28: GOOD(4) | DQ28: GOOD(4) | DR28: 2024/2025 | DS28: THIRD | DT28: GOOD(4) | DU28: GOOD(4) | DV28: GOOD(4) | DW28: GOOD(4) | DX28: GOOD(4) | DY28: GOOD(4) | DZ28: GOOD(4) | EA28: Needs to focus more during lessons to achieve full potential. | EB28: Promoted on trial to JSS3 | EC28: MR. JIMOH WASIU OLATUNDE | ED28: Next Term Begins on Monday, 15th September, 2049
A29: 26 | B29: OLAGBEMIRO MARY | C29: 1853 | D29: Female | E29: JSS 2C | F29: 31 | G29: 122 | H29: 118 | I29: =G29-H29 | J29: 24 | K29: 24 | L29: =SUM(J29:K29) | M29: 23 | N29: 41 | O29: =IF(AND(L29=0,M29=0,N29=0),0,IF(AND(L29=0,M29=0),N29/1,IF(AND(L29=0,N29=0),M29/1,IF(AND(M29=0,N29=0),L29/1,IF(L29=0,FLOOR((M29+N29)/2,0.1),IF(M29=0,(L29+N29)/2,IF(N29=0,(M29+L29)/2,FLOOR(((L29+M29+N29)/3),0.1)))))))) | P29: 20 | Q29: 39 | R29: =SUM(P29:Q29) | S29: 59 | T29: 59 | U29: =IF(AND(R29=0,S29=0,T29=0),0,IF(AND(R29=0,S29=0),T29/1,IF(AND(R29=0,T29=0),S29/1,IF(AND(S29=0,T29=0),R29/1,IF(R29=0,FLOOR((S29+T29)/2,0.1),IF(S29=0,(R29+T29)/2,IF(T29=0,(S29+R29)/2,FLOOR(((R29+S29+T29)/3),0.1)))))))) | V29: 25 | W29: 20 | X29: =SUM(V29:W29) | Y29: 30 | Z29: 38 | AA29: =IF(AND(X29=0,Y29=0,Z29=0),0,IF(AND(X29=0,Y29=0),Z29/1,IF(AND(X29=0,Z29=0),Y29/1,IF(AND(Y29=0,Z29=0),X29/1,IF(X29=0,FLOOR((Y29+Z29)/2,0.1),IF(Y29=0,(X29+Z29)/2,IF(Z29=0,(Y29+X29)/2,FLOOR(((X29+Y29+Z29)/3),0.1)))))))) | AB29: 25 | AC29: 52 | AD29: =SUM(AB29:AC29) | AE29: 79 | AF29: 78 | AG29: =IF(AND(AD29=0,AE29=0,AF29=0),0,IF(AND(AD29=0,AE29=0),AF29/1,IF(AND(AD29=0,AF29=0),AE29/1,IF(AND(AE29=0,AF29=0),AD29/1,IF(AD29=0,FLOOR((AE29+AF29)/2,0.1),IF(AE29=0,(AD29+AF29)/2,IF(AF29=0,(AE29+AD29)/2,FLOOR(((AD29+AE29+AF29)/3),0.1)))))))) | AH29: 20 | AI29: 42 | AJ29: =SUM(AH29:AI29) | AK29: 37 | AL29: 73 | AM29: =IF(AND(AJ29=0,AK29=0,AL29=0),0,IF(AND(AJ29=0,AK29=0),AL29/1,IF(AND(AJ29=0,AL29=0),AK29/1,IF(AND(AK29=0,AL29=0),AJ29/1,IF(AJ29=0,FLOOR((AK29+AL29)/2,0.1),IF(AK29=0,(AJ29+AL29)/2,IF(AL29=0,(AK29+AJ29)/2,FLOOR(((AJ29+AK29+AL29)/3),0.1)))))))) | AP29: =SUM(AN29:AO29) | AS29: =IF(AND(AP29=0,AQ29=0,AR29=0),0,IF(AND(AP29=0,AQ29=0),AR29/1,IF(AND(AP29=0,AR29=0),AQ29/1,IF(AND(AQ29=0,AR29=0),AP29/1,IF(AP29=0,FLOOR((AQ29+AR29)/2,0.1),IF(AQ29=0,(AP29+AR29)/2,IF(AR29=0,(AQ29+AP29)/2,FLOOR(((AP29+AQ29+AR29)/3),0.1)))))))) | AT29: 28 | AU29: 30 | AV29: =SUM(AT29:AU29) | AW29: 40 | AX29: 55 | AY29: =IF(AND(AV29=0,AW29=0,AX29=0),0,IF(AND(AV29=0,AW29=0),AX29/1,IF(AND(AV29=0,AX29=0),AW29/1,IF(AND(AW29=0,AX29=0),AV29/1,IF(AV29=0,FLOOR((AW29+AX29)/2,0.1),IF(AW29=0,(AV29+AX29)/2,IF(AX29=0,(AW29+AV29)/2,FLOOR(((AV29+AW29+AX29)/3),0.1)))))))) | AZ29: 21 | BA29: 33 | BB29: =SUM(AZ29:BA29) | BC29: 49 | BD29: 52 | BE29: =IF(AND(BB29=0,BC29=0,BD29=0),0,IF(AND(BB29=0,BC29=0),BD29/1,IF(AND(BB29=0,BD29=0),BC29/1,IF(AND(BC29=0,BD29=0),BB29/1,IF(BB29=0,FLOOR((BC29+BD29)/2,0.1),IF(BC29=0,(BB29+BD29)/2,IF(BD29=0,(BC29+BB29)/2,FLOOR(((BB29+BC29+BD29)/3),0.1)))))))) | BF29: 16 | BG29: 35 | BH29: =SUM(BF29:BG29) | BI29: 58 | BJ29: 47 | BK29: =IF(AND(BH29=0,BI29=0,BJ29=0),0,IF(AND(BH29=0,BI29=0),BJ29/1,IF(AND(BH29=0,BJ29=0),BI29/1,IF(AND(BI29=0,BJ29=0),BH29/1,IF(BH29=0,FLOOR((BI29+BJ29)/2,0.1),IF(BI29=0,(BH29+BJ29)/2,IF(BJ29=0,(BI29+BH29)/2,FLOOR(((BH29+BI29+BJ29)/3),0.1)))))))) | BL29: 18 | BM29: 33 | BN29: =SUM(BL29:BM29) | BO29: 47 | BP29: 66 | BQ29: =IF(AND(BN29=0,BO29=0,BP29=0),0,IF(AND(BN29=0,BO29=0),BP29/1,IF(AND(BN29=0,BP29=0),BO29/1,IF(AND(BO29=0,BP29=0),BN29/1,IF(BN29=0,FLOOR((BO29+BP29)/2,0.1),IF(BO29=0,(BN29+BP29)/2,IF(BP29=0,(BO29+BN29)/2,FLOOR(((BN29+BO29+BP29)/3),0.1)))))))) | BT29: =SUM(BR29:BS29) | BW29: =IF(AND(BT29=0,BU29=0,BV29=0),0,IF(AND(BT29=0,BU29=0),BV29/1,IF(AND(BT29=0,BV29=0),BU29/1,IF(AND(BU29=0,BV29=0),BT29/1,IF(BT29=0,FLOOR((BU29+BV29)/2,0.1),IF(BU29=0,(BT29+BV29)/2,IF(BV29=0,(BU29+BT29)/2,FLOOR(((BT29+BU29+BV29)/3),0.1)))))))) | BX29: 26 | BY29: 69 | BZ29: =SUM(BX29:BY29) | CA29: 60 | CB29: 71 | CC29: =IF(AND(BZ29=0,CA29=0,CB29=0),0,IF(AND(BZ29=0,CA29=0),CB29/1,IF(AND(BZ29=0,CB29=0),CA29/1,IF(AND(CA29=0,CB29=0),BZ29/1,IF(BZ29=0,FLOOR((CA29+CB29)/2,0.1),IF(CA29=0,(BZ29+CB29)/2,IF(CB29=0,(CA29+BZ29)/2,FLOOR(((BZ29+CA29+CB29)/3),0.1)))))))) | CD29: 18 | CE29: 47 | CF29: =SUM(CD29:CE29) | CG29: 43 | CH29: 41 | CI29: =IF(AND(CF29=0,CG29=0,CH29=0),0,IF(AND(CF29=0,CG29=0),CH29/1,IF(AND(CF29=0,CH29=0),CG29/1,IF(AND(CG29=0,CH29=0),CF29/1,IF(CF29=0,FLOOR((CG29+CH29)/2,0.1),IF(CG29=0,(CF29+CH29)/2,IF(CH29=0,(CG29+CF29)/2,FLOOR(((CF29+CG29+CH29)/3),0.1)))))))) | CL29: =SUM(CJ29:CK29) | CO29: =IF(AND(CL29=0,CM29=0,CN29=0),0,IF(AND(CL29=0,CM29=0),CN29/1,IF(AND(CL29=0,CN29=0),CM29/1,IF(AND(CM29=0,CN29=0),CL29/1,IF(CL29=0,FLOOR((CM29+CN29)/2,0.1),IF(CM29=0,(CL29+CN29)/2,IF(CN29=0,(CM29+CL29)/2,FLOOR(((CL29+CM29+CN29)/3),0.1)))))))) | CR29: =SUM(CP29:CQ29) | CU29: =IF(AND(CR29=0,CS29=0,CT29=0),0,IF(AND(CR29=0,CS29=0),CT29/1,IF(AND(CR29=0,CT29=0),CS29/1,IF(AND(CS29=0,CT29=0),CR29/1,IF(CR29=0,FLOOR((CS29+CT29)/2,0.1),IF(CS29=0,(CR29+CT29)/2,IF(CT29=0,(CS29+CR29)/2,FLOOR(((CR29+CS29+CT29)/3),0.1)))))))) | CV29: 30 | CW29: 29 | CX29: =SUM(CV29:CW29) | CY29: 36 | CZ29: 37 | DA29: =IF(AND(CX29=0,CY29=0,CZ29=0),0,IF(AND(CX29=0,CY29=0),CZ29/1,IF(AND(CX29=0,CZ29=0),CY29/1,IF(AND(CY29=0,CZ29=0),CX29/1,IF(CX29=0,FLOOR((CY29+CZ29)/2,0.1),IF(CY29=0,(CX29+CZ29)/2,IF(CZ29=0,(CY29+CX29)/2,FLOOR(((CX29+CY29+CZ29)/3),0.1)))))))) | DD29: =SUM(DB29:DC29) | DG29: =IF(AND(DD29=0,DE29=0,DF29=0),0,IF(AND(DD29=0,DE29=0),DF29/1,IF(AND(DD29=0,DF29=0),DE29/1,IF(AND(DE29=0,DF29=0),DD29/1,IF(DD29=0,FLOOR((DE29+DF29)/2,0.1),IF(DE29=0,(DD29+DF29)/2,IF(DF29=0,(DE29+DD29)/2,FLOOR(((DD29+DE29+DF29)/3),0.1)))))))) | DH29: =SUM(O29,U29,AA29,AG29,AM29,AS29,AY29,BE29,BK29,BQ29,BW29,CC29,CI29,CO29,CU29,DA29,DG29) | DI29: =RANK(DH29,DH$4:DH$503) | DJ29: EXCELLENT(5) | DK29: GOOD(4) | DL29: GOOD(4) | DM29: EXCELLENT(5) | DN29: GOOD(4) | DO29: GOOD(4) | DP29: GOOD(4) | DQ29: GOOD(4) | DR29: 2024/2025 | DS29: THIRD | DT29: GOOD(4) | DU29: GOOD(4) | DV29: GOOD(4) | DW29: GOOD(4) | DX29: GOOD(4) | DY29: GOOD(4) | DZ29: GOOD(4) | EA29: Shows consistent effort and improvement in academic work. | EB29: Promoted to JSS3 | EC29: MR. JIMOH WASIU OLATUNDE | ED29: Next Term Begins on Monday, 15th September, 2050
A30: 27 | B30: OMOTOSHO ALIMOT | C30: 1799 | D30: Female | E30: JSS 2C | F30: 31 | G30: 122 | H30: 118 | I30: =G30-H30 | J30: 26 | K30: 35 | L30: =SUM(J30:K30) | M30: 37 | N30: 50 | O30: =IF(AND(L30=0,M30=0,N30=0),0,IF(AND(L30=0,M30=0),N30/1,IF(AND(L30=0,N30=0),M30/1,IF(AND(M30=0,N30=0),L30/1,IF(L30=0,FLOOR((M30+N30)/2,0.1),IF(M30=0,(L30+N30)/2,IF(N30=0,(M30+L30)/2,FLOOR(((L30+M30+N30)/3),0.1)))))))) | P30: 22 | Q30: 43 | R30: =SUM(P30:Q30) | S30: 75 | T30: 54 | U30: =IF(AND(R30=0,S30=0,T30=0),0,IF(AND(R30=0,S30=0),T30/1,IF(AND(R30=0,T30=0),S30/1,IF(AND(S30=0,T30=0),R30/1,IF(R30=0,FLOOR((S30+T30)/2,0.1),IF(S30=0,(R30+T30)/2,IF(T30=0,(S30+R30)/2,FLOOR(((R30+S30+T30)/3),0.1)))))))) | V30: 22 | W30: 21 | X30: =SUM(V30:W30) | Y30: 57 | Z30: 50 | AA30: =IF(AND(X30=0,Y30=0,Z30=0),0,IF(AND(X30=0,Y30=0),Z30/1,IF(AND(X30=0,Z30=0),Y30/1,IF(AND(Y30=0,Z30=0),X30/1,IF(X30=0,FLOOR((Y30+Z30)/2,0.1),IF(Y30=0,(X30+Z30)/2,IF(Z30=0,(Y30+X30)/2,FLOOR(((X30+Y30+Z30)/3),0.1)))))))) | AB30: 21 | AC30: 38 | AD30: =SUM(AB30:AC30) | AE30: 100 | AF30: 80 | AG30: =IF(AND(AD30=0,AE30=0,AF30=0),0,IF(AND(AD30=0,AE30=0),AF30/1,IF(AND(AD30=0,AF30=0),AE30/1,IF(AND(AE30=0,AF30=0),AD30/1,IF(AD30=0,FLOOR((AE30+AF30)/2,0.1),IF(AE30=0,(AD30+AF30)/2,IF(AF30=0,(AE30+AD30)/2,FLOOR(((AD30+AE30+AF30)/3),0.1)))))))) | AH30: 23 | AI30: 40 | AJ30: =SUM(AH30:AI30) | AK30: 63 | AL30: 56 | AM30: =IF(AND(AJ30=0,AK30=0,AL30=0),0,IF(AND(AJ30=0,AK30=0),AL30/1,IF(AND(AJ30=0,AL30=0),AK30/1,IF(AND(AK30=0,AL30=0),AJ30/1,IF(AJ30=0,FLOOR((AK30+AL30)/2,0.1),IF(AK30=0,(AJ30+AL30)/2,IF(AL30=0,(AK30+AJ30)/2,FLOOR(((AJ30+AK30+AL30)/3),0.1)))))))) | AP30: =SUM(AN30:AO30) | AS30: =IF(AND(AP30=0,AQ30=0,AR30=0),0,IF(AND(AP30=0,AQ30=0),AR30/1,IF(AND(AP30=0,AR30=0),AQ30/1,IF(AND(AQ30=0,AR30=0),AP30/1,IF(AP30=0,FLOOR((AQ30+AR30)/2,0.1),IF(AQ30=0,(AP30+AR30)/2,IF(AR30=0,(AQ30+AP30)/2,FLOOR(((AP30+AQ30+AR30)/3),0.1)))))))) | AT30: 30 | AU30: 51 | AV30: =SUM(AT30:AU30) | AW30: 77 | AX30: 49 | AY30: =IF(AND(AV30=0,AW30=0,AX30=0),0,IF(AND(AV30=0,AW30=0),AX30/1,IF(AND(AV30=0,AX30=0),AW30/1,IF(AND(AW30=0,AX30=0),AV30/1,IF(AV30=0,FLOOR((AW30+AX30)/2,0.1),IF(AW30=0,(AV30+AX30)/2,IF(AX30=0,(AW30+AV30)/2,FLOOR(((AV30+AW30+AX30)/3),0.1)))))))) | AZ30: 27 | BA30: 35 | BB30: =SUM(AZ30:BA30) | BC30: 64 | BD30: 63 | BE30: =IF(AND(BB30=0,BC30=0,BD30=0),0,IF(AND(BB30=0,BC30=0),BD30/1,IF(AND(BB30=0,BD30=0),BC30/1,IF(AND(BC30=0,BD30=0),BB30/1,IF(BB30=0,FLOOR((BC30+BD30)/2,0.1),IF(BC30=0,(BB30+BD30)/2,IF(BD30=0,(BC30+BB30)/2,FLOOR(((BB30+BC30+BD30)/3),0.1)))))))) | BF30: 16 | BG30: 41 | BH30: =SUM(BF30:BG30) | BI30: 69 | BJ30: 26 | BK30: =IF(AND(BH30=0,BI30=0,BJ30=0),0,IF(AND(BH30=0,BI30=0),BJ30/1,IF(AND(BH30=0,BJ30=0),BI30/1,IF(AND(BI30=0,BJ30=0),BH30/1,IF(BH30=0,FLOOR((BI30+BJ30)/2,0.1),IF(BI30=0,(BH30+BJ30)/2,IF(BJ30=0,(BI30+BH30)/2,FLOOR(((BH30+BI30+BJ30)/3),0.1)))))))) | BL30: 15 | BM30: 38 | BN30: =SUM(BL30:BM30) | BO30: 62 | BP30: 71 | BQ30: =IF(AND(BN30=0,BO30=0,BP30=0),0,IF(AND(BN30=0,BO30=0),BP30/1,IF(AND(BN30=0,BP30=0),BO30/1,IF(AND(BO30=0,BP30=0),BN30/1,IF(BN30=0,FLOOR((BO30+BP30)/2,0.1),IF(BO30=0,(BN30+BP30)/2,IF(BP30=0,(BO30+BN30)/2,FLOOR(((BN30+BO30+BP30)/3),0.1)))))))) | BT30: =SUM(BR30:BS30) | BW30: =IF(AND(BT30=0,BU30=0,BV30=0),0,IF(AND(BT30=0,BU30=0),BV30/1,IF(AND(BT30=0,BV30=0),BU30/1,IF(AND(BU30=0,BV30=0),BT30/1,IF(BT30=0,FLOOR((BU30+BV30)/2,0.1),IF(BU30=0,(BT30+BV30)/2,IF(BV30=0,(BU30+BT30)/2,FLOOR(((BT30+BU30+BV30)/3),0.1)))))))) | BX30: 25 | BY30: 70 | BZ30: =SUM(BX30:BY30) | CA30: 83 | CB30: 61 | CC30: =IF(AND(BZ30=0,CA30=0,CB30=0),0,IF(AND(BZ30=0,CA30=0),CB30/1,IF(AND(BZ30=0,CB30=0),CA30/1,IF(AND(CA30=0,CB30=0),BZ30/1,IF(BZ30=0,FLOOR((CA30+CB30)/2,0.1),IF(CA30=0,(BZ30+CB30)/2,IF(CB30=0,(CA30+BZ30)/2,FLOOR(((BZ30+CA30+CB30)/3),0.1)))))))) | CD30: 13 | CE30: 50 | CF30: =SUM(CD30:CE30) | CG30: 53 | CH30: 36 | CI30: =IF(AND(CF30=0,CG30=0,CH30=0),0,IF(AND(CF30=0,CG30=0),CH30/1,IF(AND(CF30=0,CH30=0),CG30/1,IF(AND(CG30=0,CH30=0),CF30/1,IF(CF30=0,FLOOR((CG30+CH30)/2,0.1),IF(CG30=0,(CF30+CH30)/2,IF(CH30=0,(CG30+CF30)/2,FLOOR(((CF30+CG30+CH30)/3),0.1)))))))) | CL30: =SUM(CJ30:CK30) | CO30: =IF(AND(CL30=0,CM30=0,CN30=0),0,IF(AND(CL30=0,CM30=0),CN30/1,IF(AND(CL30=0,CN30=0),CM30/1,IF(AND(CM30=0,CN30=0),CL30/1,IF(CL30=0,FLOOR((CM30+CN30)/2,0.1),IF(CM30=0,(CL30+CN30)/2,IF(CN30=0,(CM30+CL30)/2,FLOOR(((CL30+CM30+CN30)/3),0.1)))))))) | CP30: 16 | CQ30: 53 | CR30: =SUM(CP30:CQ30) | CS30: 65 | CT30: 72 | CU30: =IF(AND(CR30=0,CS30=0,CT30=0),0,IF(AND(CR30=0,CS30=0),CT30/1,IF(AND(CR30=0,CT30=0),CS30/1,IF(AND(CS30=0,CT30=0),CR30/1,IF(CR30=0,FLOOR((CS30+CT30)/2,0.1),IF(CS30=0,(CR30+CT30)/2,IF(CT30=0,(CS30+CR30)/2,FLOOR(((CR30+CS30+CT30)/3),0.1)))))))) | CX30: =SUM(CV30:CW30) | DA30: =IF(AND(CX30=0,CY30=0,CZ30=0),0,IF(AND(CX30=0,CY30=0),CZ30/1,IF(AND(CX30=0,CZ30=0),CY30/1,IF(AND(CY30=0,CZ30=0),CX30/1,IF(CX30=0,FLOOR((CY30+CZ30)/2,0.1),IF(CY30=0,(CX30+CZ30)/2,IF(CZ30=0,(CY30+CX30)/2,FLOOR(((CX30+CY30+CZ30)/3),0.1)))))))) | DD30: =SUM(DB30:DC30) | DG30: =IF(AND(DD30=0,DE30=0,DF30=0),0,IF(AND(DD30=0,DE30=0),DF30/1,IF(AND(DD30=0,DF30=0),DE30/1,IF(AND(DE30=0,DF30=0),DD30/1,IF(DD30=0,FLOOR((DE30+DF30)/2,0.1),IF(DE30=0,(DD30+DF30)/2,IF(DF30=0,(DE30+DD30)/2,FLOOR(((DD30+DE30+DF30)/3),0.1)))))))) | DH30: =SUM(O30,U30,AA30,AG30,AM30,AS30,AY30,BE30,BK30,BQ30,BW30,CC30,CI30,CO30,CU30,DA30,DG30) | DI30: =RANK(DH30,DH$4:DH$503) | DJ30: EXCELLENT(5) | DK30: GOOD(4) | DL30: EXCELLENT(5) | DM30: EXCELLENT(5) | DN30: GOOD(4) | DO30: GOOD(4) | DP30: GOOD(4) | DQ30: GOOD(4) | DR30: 2024/2025 | DS30: THIRD | DT30: GOOD(4) | DU30: GOOD(4) | DV30: GOOD(4) | DW30: GOOD(4) | DX30: GOOD(4) | DY30: GOOD(4) | DZ30: GOOD(4) | EA30: Demonstrates a positive attitude and respect for rules. | EB30: Promoted to JSS3 | EC30: MR. JIMOH WASIU OLATUNDE | ED30: Next Term Begins on Monday, 15th September, 2051
A31: 28 | B31: OYEBISI RAMOTA | C31: 1780 | D31: Female | E31: JSS 2C | F31: 31 | G31: 122 | H31: 114 | I31: =G31-H31 | J31: 20 | K31: 32 | L31: =SUM(J31:K31) | M31: 25 | N31: 49 | O31: =IF(AND(L31=0,M31=0,N31=0),0,IF(AND(L31=0,M31=0),N31/1,IF(AND(L31=0,N31=0),M31/1,IF(AND(M31=0,N31=0),L31/1,IF(L31=0,FLOOR((M31+N31)/2,0.1),IF(M31=0,(L31+N31)/2,IF(N31=0,(M31+L31)/2,FLOOR(((L31+M31+N31)/3),0.1)))))))) | P31: 17 | Q31: 33 | R31: =SUM(P31:Q31) | S31: 66 | T31: 34 | U31: =IF(AND(R31=0,S31=0,T31=0),0,IF(AND(R31=0,S31=0),T31/1,IF(AND(R31=0,T31=0),S31/1,IF(AND(S31=0,T31=0),R31/1,IF(R31=0,FLOOR((S31+T31)/2,0.1),IF(S31=0,(R31+T31)/2,IF(T31=0,(S31+R31)/2,FLOOR(((R31+S31+T31)/3),0.1)))))))) | V31: 23 | W31: 27 | X31: =SUM(V31:W31) | Y31: 44 | Z31: 47 | AA31: =IF(AND(X31=0,Y31=0,Z31=0),0,IF(AND(X31=0,Y31=0),Z31/1,IF(AND(X31=0,Z31=0),Y31/1,IF(AND(Y31=0,Z31=0),X31/1,IF(X31=0,FLOOR((Y31+Z31)/2,0.1),IF(Y31=0,(X31+Z31)/2,IF(Z31=0,(Y31+X31)/2,FLOOR(((X31+Y31+Z31)/3),0.1)))))))) | AB31: 20 | AC31: 40 | AD31: =SUM(AB31:AC31) | AE31: 59 | AF31: 60 | AG31: =IF(AND(AD31=0,AE31=0,AF31=0),0,IF(AND(AD31=0,AE31=0),AF31/1,IF(AND(AD31=0,AF31=0),AE31/1,IF(AND(AE31=0,AF31=0),AD31/1,IF(AD31=0,FLOOR((AE31+AF31)/2,0.1),IF(AE31=0,(AD31+AF31)/2,IF(AF31=0,(AE31+AD31)/2,FLOOR(((AD31+AE31+AF31)/3),0.1)))))))) | AH31: 17 | AI31: 28 | AJ31: =SUM(AH31:AI31) | AK31: 52 | AL31: 38 | AM31: =IF(AND(AJ31=0,AK31=0,AL31=0),0,IF(AND(AJ31=0,AK31=0),AL31/1,IF(AND(AJ31=0,AL31=0),AK31/1,IF(AND(AK31=0,AL31=0),AJ31/1,IF(AJ31=0,FLOOR((AK31+AL31)/2,0.1),IF(AK31=0,(AJ31+AL31)/2,IF(AL31=0,(AK31+AJ31)/2,FLOOR(((AJ31+AK31+AL31)/3),0.1)))))))) | AP31: =SUM(AN31:AO31) | AS31: =IF(AND(AP31=0,AQ31=0,AR31=0),0,IF(AND(AP31=0,AQ31=0),AR31/1,IF(AND(AP31=0,AR31=0),AQ31/1,IF(AND(AQ31=0,AR31=0),AP31/1,IF(AP31=0,FLOOR((AQ31+AR31)/2,0.1),IF(AQ31=0,(AP31+AR31)/2,IF(AR31=0,(AQ31+AP31)/2,FLOOR(((AP31+AQ31+AR31)/3),0.1)))))))) | AT31: 19 | AU31: 31 | AV31: =SUM(AT31:AU31) | AW31: 45 | AX31: 55 | AY31: =IF(AND(AV31=0,AW31=0,AX31=0),0,IF(AND(AV31=0,AW31=0),AX31/1,IF(AND(AV31=0,AX31=0),AW31/1,IF(AND(AW31=0,AX31=0),AV31/1,IF(AV31=0,FLOOR((AW31+AX31)/2,0.1),IF(AW31=0,(AV31+AX31)/2,IF(AX31=0,(AW31+AV31)/2,FLOOR(((AV31+AW31+AX31)/3),0.1)))))))) | AZ31: 23 | BA31: 38 | BB31: =SUM(AZ31:BA31) | BC31: 65 | BD31: 63 | BE31: =IF(AND(BB31=0,BC31=0,BD31=0),0,IF(AND(BB31=0,BC31=0),BD31/1,IF(AND(BB31=0,BD31=0),BC31/1,IF(AND(BC31=0,BD31=0),BB31/1,IF(BB31=0,FLOOR((BC31+BD31)/2,0.1),IF(BC31=0,(BB31+BD31)/2,IF(BD31=0,(BC31+BB31)/2,FLOOR(((BB31+BC31+BD31)/3),0.1)))))))) | BF31: 15 | BG31: 36 | BH31: =SUM(BF31:BG31) | BI31: 48 | BJ31: 27 | BK31: =IF(AND(BH31=0,BI31=0,BJ31=0),0,IF(AND(BH31=0,BI31=0),BJ31/1,IF(AND(BH31=0,BJ31=0),BI31/1,IF(AND(BI31=0,BJ31=0),BH31/1,IF(BH31=0,FLOOR((BI31+BJ31)/2,0.1),IF(BI31=0,(BH31+BJ31)/2,IF(BJ31=0,(BI31+BH31)/2,FLOOR(((BH31+BI31+BJ31)/3),0.1)))))))) | BL31: 19 | BM31: 34 | BN31: =SUM(BL31:BM31) | BO31: 28 | BP31: 51 | BQ31: =IF(AND(BN31=0,BO31=0,BP31=0),0,IF(AND(BN31=0,BO31=0),BP31/1,IF(AND(BN31=0,BP31=0),BO31/1,IF(AND(BO31=0,BP31=0),BN31/1,IF(BN31=0,FLOOR((BO31+BP31)/2,0.1),IF(BO31=0,(BN31+BP31)/2,IF(BP31=0,(BO31+BN31)/2,FLOOR(((BN31+BO31+BP31)/3),0.1)))))))) | BT31: =SUM(BR31:BS31) | BW31: =IF(AND(BT31=0,BU31=0,BV31=0),0,IF(AND(BT31=0,BU31=0),BV31/1,IF(AND(BT31=0,BV31=0),BU31/1,IF(AND(BU31=0,BV31=0),BT31/1,IF(BT31=0,FLOOR((BU31+BV31)/2,0.1),IF(BU31=0,(BT31+BV31)/2,IF(BV31=0,(BU31+BT31)/2,FLOOR(((BT31+BU31+BV31)/3),0.1)))))))) | BX31: 24 | BY31: 69 | BZ31: =SUM(BX31:BY31) | CA31: 54 | CB31: 42 | CC31: =IF(AND(BZ31=0,CA31=0,CB31=0),0,IF(AND(BZ31=0,CA31=0),CB31/1,IF(AND(BZ31=0,CB31=0),CA31/1,IF(AND(CA31=0,CB31=0),BZ31/1,IF(BZ31=0,FLOOR((CA31+CB31)/2,0.1),IF(CA31=0,(BZ31+CB31)/2,IF(CB31=0,(CA31+BZ31)/2,FLOOR(((BZ31+CA31+CB31)/3),0.1)))))))) | CD31: 12 | CE31: 47 | CF31: =SUM(CD31:CE31) | CG31: 45 | CH31: 19 | CI31: =IF(AND(CF31=0,CG31=0,CH31=0),0,IF(AND(CF31=0,CG31=0),CH31/1,IF(AND(CF31=0,CH31=0),CG31/1,IF(AND(CG31=0,CH31=0),CF31/1,IF(CF31=0,FLOOR((CG31+CH31)/2,0.1),IF(CG31=0,(CF31+CH31)/2,IF(CH31=0,(CG31+CF31)/2,FLOOR(((CF31+CG31+CH31)/3),0.1)))))))) | CL31: =SUM(CJ31:CK31) | CO31: =IF(AND(CL31=0,CM31=0,CN31=0),0,IF(AND(CL31=0,CM31=0),CN31/1,IF(AND(CL31=0,CN31=0),CM31/1,IF(AND(CM31=0,CN31=0),CL31/1,IF(CL31=0,FLOOR((CM31+CN31)/2,0.1),IF(CM31=0,(CL31+CN31)/2,IF(CN31=0,(CM31+CL31)/2,FLOOR(((CL31+CM31+CN31)/3),0.1)))))))) | CP31: 12 | CQ31: 44 | CR31: =SUM(CP31:CQ31) | CS31: 46 | CT31: 44 | CU31: =IF(AND(CR31=0,CS31=0,CT31=0),0,IF(AND(CR31=0,CS31=0),CT31/1,IF(AND(CR31=0,CT31=0),CS31/1,IF(AND(CS31=0,CT31=0),CR31/1,IF(CR31=0,FLOOR((CS31+CT31)/2,0.1),IF(CS31=0,(CR31+CT31)/2,IF(CT31=0,(CS31+CR31)/2,FLOOR(((CR31+CS31+CT31)/3),0.1)))))))) | CX31: =SUM(CV31:CW31) | DA31: =IF(AND(CX31=0,CY31=0,CZ31=0),0,IF(AND(CX31=0,CY31=0),CZ31/1,IF(AND(CX31=0,CZ31=0),CY31/1,IF(AND(CY31=0,CZ31=0),CX31/1,IF(CX31=0,FLOOR((CY31+CZ31)/2,0.1),IF(CY31=0,(CX31+CZ31)/2,IF(CZ31=0,(CY31+CX31)/2,FLOOR(((CX31+CY31+CZ31)/3),0.1)))))))) | DD31: =SUM(DB31:DC31) | DG31: =IF(AND(DD31=0,DE31=0,DF31=0),0,IF(AND(DD31=0,DE31=0),DF31/1,IF(AND(DD31=0,DF31=0),DE31/1,IF(AND(DE31=0,DF31=0),DD31/1,IF(DD31=0,FLOOR((DE31+DF31)/2,0.1),IF(DE31=0,(DD31+DF31)/2,IF(DF31=0,(DE31+DD31)/2,FLOOR(((DD31+DE31+DF31)/3),0.1)))))))) | DH31: =SUM(O31,U31,AA31,AG31,AM31,AS31,AY31,BE31,BK31,BQ31,BW31,CC31,CI31,CO31,CU31,DA31,DG31) | DI31: =RANK(DH31,DH$4:DH$503) | DJ31: EXCELLENT(5) | DK31: GOOD(4) | DL31: EXCELLENT(5) | DM31: EXCELLENT(5) | DN31: GOOD(4) | DO31: GOOD(4) | DP31: GOOD(4) | DQ31: GOOD(4) | DR31: 2024/2025 | DS31: THIRD | DT31: GOOD(4) | DU31: GOOD(4) | DV31: GOOD(4) | DW31: GOOD(4) | DX31: GOOD(4) | DY31: GOOD(4) | DZ31: GOOD(4) | EA31: Completes assignments on time and with care. | EB31: Promoted to JSS3 | EC31: MR. JIMOH WASIU OLATUNDE | ED31: Next Term Begins on Monday, 15th September, 2052
A32: 29 | B32: OYEBISI ROFIAT | C32: 1867 | D32: Female | E32: JSS 2C | F32: 31 | G32: 122 | H32: 114 | I32: =G32-H32 | J32: 10 | K32: 26 | L32: =SUM(J32:K32) | M32: 25 | N32: 42 | O32: =IF(AND(L32=0,M32=0,N32=0),0,IF(AND(L32=0,M32=0),N32/1,IF(AND(L32=0,N32=0),M32/1,IF(AND(M32=0,N32=0),L32/1,IF(L32=0,FLOOR((M32+N32)/2,0.1),IF(M32=0,(L32+N32)/2,IF(N32=0,(M32+L32)/2,FLOOR(((L32+M32+N32)/3),0.1)))))))) | P32: 16 | Q32: 33 | R32: =SUM(P32:Q32) | S32: 46 | T32: 52 | U32: =IF(AND(R32=0,S32=0,T32=0),0,IF(AND(R32=0,S32=0),T32/1,IF(AND(R32=0,T32=0),S32/1,IF(AND(S32=0,T32=0),R32/1,IF(R32=0,FLOOR((S32+T32)/2,0.1),IF(S32=0,(R32+T32)/2,IF(T32=0,(S32+R32)/2,FLOOR(((R32+S32+T32)/3),0.1)))))))) | V32: 25 | W32: 16 | X32: =SUM(V32:W32) | Y32: 22 | Z32: 32 | AA32: =IF(AND(X32=0,Y32=0,Z32=0),0,IF(AND(X32=0,Y32=0),Z32/1,IF(AND(X32=0,Z32=0),Y32/1,IF(AND(Y32=0,Z32=0),X32/1,IF(X32=0,FLOOR((Y32+Z32)/2,0.1),IF(Y32=0,(X32+Z32)/2,IF(Z32=0,(Y32+X32)/2,FLOOR(((X32+Y32+Z32)/3),0.1)))))))) | AB32: 27 | AC32: 36 | AD32: =SUM(AB32:AC32) | AE32: 63 | AF32: 63 | AG32: =IF(AND(AD32=0,AE32=0,AF32=0),0,IF(AND(AD32=0,AE32=0),AF32/1,IF(AND(AD32=0,AF32=0),AE32/1,IF(AND(AE32=0,AF32=0),AD32/1,IF(AD32=0,FLOOR((AE32+AF32)/2,0.1),IF(AE32=0,(AD32+AF32)/2,IF(AF32=0,(AE32+AD32)/2,FLOOR(((AD32+AE32+AF32)/3),0.1)))))))) | AH32: 25 | AI32: 30 | AJ32: =SUM(AH32:AI32) | AK32: 42 | AL32: 48 | AM32: =IF(AND(AJ32=0,AK32=0,AL32=0),0,IF(AND(AJ32=0,AK32=0),AL32/1,IF(AND(AJ32=0,AL32=0),AK32/1,IF(AND(AK32=0,AL32=0),AJ32/1,IF(AJ32=0,FLOOR((AK32+AL32)/2,0.1),IF(AK32=0,(AJ32+AL32)/2,IF(AL32=0,(AK32+AJ32)/2,FLOOR(((AJ32+AK32+AL32)/3),0.1)))))))) | AP32: =SUM(AN32:AO32) | AS32: =IF(AND(AP32=0,AQ32=0,AR32=0),0,IF(AND(AP32=0,AQ32=0),AR32/1,IF(AND(AP32=0,AR32=0),AQ32/1,IF(AND(AQ32=0,AR32=0),AP32/1,IF(AP32=0,FLOOR((AQ32+AR32)/2,0.1),IF(AQ32=0,(AP32+AR32)/2,IF(AR32=0,(AQ32+AP32)/2,FLOOR(((AP32+AQ32+AR32)/3),0.1)))))))) | AT32: 15 | AU32: 36 | AV32: =SUM(AT32:AU32) | AW32: 31 | AX32: 29 | AY32: =IF(AND(AV32=0,AW32=0,AX32=0),0,IF(AND(AV32=0,AW32=0),AX32/1,IF(AND(AV32=0,AX32=0),AW32/1,IF(AND(AW32=0,AX32=0),AV32/1,IF(AV32=0,FLOOR((AW32+AX32)/2,0.1),IF(AW32=0,(AV32+AX32)/2,IF(AX32=0,(AW32+AV32)/2,FLOOR(((AV32+AW32+AX32)/3),0.1)))))))) | AZ32: 25 | BA32: 30 | BB32: =SUM(AZ32:BA32) | BC32: 42 | BD32: 48 | BE32: =IF(AND(BB32=0,BC32=0,BD32=0),0,IF(AND(BB32=0,BC32=0),BD32/1,IF(AND(BB32=0,BD32=0),BC32/1,IF(AND(BC32=0,BD32=0),BB32/1,IF(BB32=0,FLOOR((BC32+BD32)/2,0.1),IF(BC32=0,(BB32+BD32)/2,IF(BD32=0,(BC32+BB32)/2,FLOOR(((BB32+BC32+BD32)/3),0.1)))))))) | BF32: 16 | BG32: 36 | BH32: =SUM(BF32:BG32) | BI32: 48 | BJ32: 18 | BK32: =IF(AND(BH32=0,BI32=0,BJ32=0),0,IF(AND(BH32=0,BI32=0),BJ32/1,IF(AND(BH32=0,BJ32=0),BI32/1,IF(AND(BI32=0,BJ32=0),BH32/1,IF(BH32=0,FLOOR((BI32+BJ32)/2,0.1),IF(BI32=0,(BH32+BJ32)/2,IF(BJ32=0,(BI32+BH32)/2,FLOOR(((BH32+BI32+BJ32)/3),0.1)))))))) | BL32: 19 | BM32: 31 | BN32: =SUM(BL32:BM32) | BO32: 32 | BP32: 47 | BQ32: =IF(AND(BN32=0,BO32=0,BP32=0),0,IF(AND(BN32=0,BO32=0),BP32/1,IF(AND(BN32=0,BP32=0),BO32/1,IF(AND(BO32=0,BP32=0),BN32/1,IF(BN32=0,FLOOR((BO32+BP32)/2,0.1),IF(BO32=0,(BN32+BP32)/2,IF(BP32=0,(BO32+BN32)/2,FLOOR(((BN32+BO32+BP32)/3),0.1)))))))) | BT32: =SUM(BR32:BS32) | BW32: =IF(AND(BT32=0,BU32=0,BV32=0),0,IF(AND(BT32=0,BU32=0),BV32/1,IF(AND(BT32=0,BV32=0),BU32/1,IF(AND(BU32=0,BV32=0),BT32/1,IF(BT32=0,FLOOR((BU32+BV32)/2,0.1),IF(BU32=0,(BT32+BV32)/2,IF(BV32=0,(BU32+BT32)/2,FLOOR(((BT32+BU32+BV32)/3),0.1)))))))) | BX32: 24 | BY32: 68 | BZ32: =SUM(BX32:BY32) | CA32: 37 | CB32: 45 | CC32: =IF(AND(BZ32=0,CA32=0,CB32=0),0,IF(AND(BZ32=0,CA32=0),CB32/1,IF(AND(BZ32=0,CB32=0),CA32/1,IF(AND(CA32=0,CB32=0),BZ32/1,IF(BZ32=0,FLOOR((CA32+CB32)/2,0.1),IF(CA32=0,(BZ32+CB32)/2,IF(CB32=0,(CA32+BZ32)/2,FLOOR(((BZ32+CA32+CB32)/3),0.1)))))))) | CD32: 10 | CE32: 40 | CF32: =SUM(CD32:CE32) | CG32: 15 | CH32: 20 | CI32: =IF(AND(CF32=0,CG32=0,CH32=0),0,IF(AND(CF32=0,CG32=0),CH32/1,IF(AND(CF32=0,CH32=0),CG32/1,IF(AND(CG32=0,CH32=0),CF32/1,IF(CF32=0,FLOOR((CG32+CH32)/2,0.1),IF(CG32=0,(CF32+CH32)/2,IF(CH32=0,(CG32+CF32)/2,FLOOR(((CF32+CG32+CH32)/3),0.1)))))))) | CL32: =SUM(CJ32:CK32) | CO32: =IF(AND(CL32=0,CM32=0,CN32=0),0,IF(AND(CL32=0,CM32=0),CN32/1,IF(AND(CL32=0,CN32=0),CM32/1,IF(AND(CM32=0,CN32=0),CL32/1,IF(CL32=0,FLOOR((CM32+CN32)/2,0.1),IF(CM32=0,(CL32+CN32)/2,IF(CN32=0,(CM32+CL32)/2,FLOOR(((CL32+CM32+CN32)/3),0.1)))))))) | CP32: 12 | CQ32: 28 | CR32: =SUM(CP32:CQ32) | CS32: 35 | CT32: 46 | CU32: =IF(AND(CR32=0,CS32=0,CT32=0),0,IF(AND(CR32=0,CS32=0),CT32/1,IF(AND(CR32=0,CT32=0),CS32/1,IF(AND(CS32=0,CT32=0),CR32/1,IF(CR32=0,FLOOR((CS32+CT32)/2,0.1),IF(CS32=0,(CR32+CT32)/2,IF(CT32=0,(CS32+CR32)/2,FLOOR(((CR32+CS32+CT32)/3),0.1)))))))) | CX32: =SUM(CV32:CW32) | DA32: =IF(AND(CX32=0,CY32=0,CZ32=0),0,IF(AND(CX32=0,CY32=0),CZ32/1,IF(AND(CX32=0,CZ32=0),CY32/1,IF(AND(CY32=0,CZ32=0),CX32/1,IF(CX32=0,FLOOR((CY32+CZ32)/2,0.1),IF(CY32=0,(CX32+CZ32)/2,IF(CZ32=0,(CY32+CX32)/2,FLOOR(((CX32+CY32+CZ32)/3),0.1)))))))) | DD32: =SUM(DB32:DC32) | DG32: =IF(AND(DD32=0,DE32=0,DF32=0),0,IF(AND(DD32=0,DE32=0),DF32/1,IF(AND(DD32=0,DF32=0),DE32/1,IF(AND(DE32=0,DF32=0),DD32/1,IF(DD32=0,FLOOR((DE32+DF32)/2,0.1),IF(DE32=0,(DD32+DF32)/2,IF(DF32=0,(DE32+DD32)/2,FLOOR(((DD32+DE32+DF32)/3),0.1)))))))) | DH32: =SUM(O32,U32,AA32,AG32,AM32,AS32,AY32,BE32,BK32,BQ32,BW32,CC32,CI32,CO32,CU32,DA32,DG32) | DI32: =RANK(DH32,DH$4:DH$503) | DJ32: EXCELLENT(5) | DK32: GOOD(4) | DL32: EXCELLENT(5) | DM32: EXCELLENT(5) | DN32: GOOD(4) | DO32: GOOD(4) | DP32: GOOD(4) | DQ32: GOOD(4) | DR32: 2024/2025 | DS32: THIRD | DT32: GOOD(4) | DU32: GOOD(4) | DV32: GOOD(4) | DW32: GOOD(4) | DX32: GOOD(4) | DY32: GOOD(4) | DZ32: GOOD(4) | EA32: Excels in most subjects and demonstrates a strong grasp of concepts. | EB32: Promoted on trial to JSS3 | EC32: MR. JIMOH WASIU OLATUNDE | ED32: Next Term Begins on Monday, 15th September, 2053
A33: 30 | B33: OYEKANMI PETER O. | C33: 1869 | D33: Male | E33: JSS 2C | F33: 31 | G33: 122 | H33: 114 | I33: =G33-H33 | J33: 17 | K33: 34 | L33: =SUM(J33:K33) | M33: 61 | N33: 41 | O33: =IF(AND(L33=0,M33=0,N33=0),0,IF(AND(L33=0,M33=0),N33/1,IF(AND(L33=0,N33=0),M33/1,IF(AND(M33=0,N33=0),L33/1,IF(L33=0,FLOOR((M33+N33)/2,0.1),IF(M33=0,(L33+N33)/2,IF(N33=0,(M33+L33)/2,FLOOR(((L33+M33+N33)/3),0.1)))))))) | P33: 17 | Q33: 34 | R33: =SUM(P33:Q33) | S33: 61 | T33: 41 | U33: =IF(AND(R33=0,S33=0,T33=0),0,IF(AND(R33=0,S33=0),T33/1,IF(AND(R33=0,T33=0),S33/1,IF(AND(S33=0,T33=0),R33/1,IF(R33=0,FLOOR((S33+T33)/2,0.1),IF(S33=0,(R33+T33)/2,IF(T33=0,(S33+R33)/2,FLOOR(((R33+S33+T33)/3),0.1)))))))) | V33: 20 | W33: 22 | X33: =SUM(V33:W33) | Y33: 32 | Z33: 37 | AA33: =IF(AND(X33=0,Y33=0,Z33=0),0,IF(AND(X33=0,Y33=0),Z33/1,IF(AND(X33=0,Z33=0),Y33/1,IF(AND(Y33=0,Z33=0),X33/1,IF(X33=0,FLOOR((Y33+Z33)/2,0.1),IF(Y33=0,(X33+Z33)/2,IF(Z33=0,(Y33+X33)/2,FLOOR(((X33+Y33+Z33)/3),0.1)))))))) | AB33: 26 | AC33: 24 | AD33: =SUM(AB33:AC33) | AE33: 43 | AF33: 46 | AG33: =IF(AND(AD33=0,AE33=0,AF33=0),0,IF(AND(AD33=0,AE33=0),AF33/1,IF(AND(AD33=0,AF33=0),AE33/1,IF(AND(AE33=0,AF33=0),AD33/1,IF(AD33=0,FLOOR((AE33+AF33)/2,0.1),IF(AE33=0,(AD33+AF33)/2,IF(AF33=0,(AE33+AD33)/2,FLOOR(((AD33+AE33+AF33)/3),0.1)))))))) | AH33: 21 | AI33: 37 | AJ33: =SUM(AH33:AI33) | AK33: 33 | AL33: 49 | AM33: =IF(AND(AJ33=0,AK33=0,AL33=0),0,IF(AND(AJ33=0,AK33=0),AL33/1,IF(AND(AJ33=0,AL33=0),AK33/1,IF(AND(AK33=0,AL33=0),AJ33/1,IF(AJ33=0,FLOOR((AK33+AL33)/2,0.1),IF(AK33=0,(AJ33+AL33)/2,IF(AL33=0,(AK33+AJ33)/2,FLOOR(((AJ33+AK33+AL33)/3),0.1)))))))) | AP33: =SUM(AN33:AO33) | AS33: =IF(AND(AP33=0,AQ33=0,AR33=0),0,IF(AND(AP33=0,AQ33=0),AR33/1,IF(AND(AP33=0,AR33=0),AQ33/1,IF(AND(AQ33=0,AR33=0),AP33/1,IF(AP33=0,FLOOR((AQ33+AR33)/2,0.1),IF(AQ33=0,(AP33+AR33)/2,IF(AR33=0,(AQ33+AP33)/2,FLOOR(((AP33+AQ33+AR33)/3),0.1)))))))) | AT33: 21 | AU33: 32 | AV33: =SUM(AT33:AU33) | AW33: 41 | AX33: 29 | AY33: =IF(AND(AV33=0,AW33=0,AX33=0),0,IF(AND(AV33=0,AW33=0),AX33/1,IF(AND(AV33=0,AX33=0),AW33/1,IF(AND(AW33=0,AX33=0),AV33/1,IF(AV33=0,FLOOR((AW33+AX33)/2,0.1),IF(AW33=0,(AV33+AX33)/2,IF(AX33=0,(AW33+AV33)/2,FLOOR(((AV33+AW33+AX33)/3),0.1)))))))) | AZ33: 21 | BA33: 32 | BB33: =SUM(AZ33:BA33) | BC33: 48 | BD33: 50 | BE33: =IF(AND(BB33=0,BC33=0,BD33=0),0,IF(AND(BB33=0,BC33=0),BD33/1,IF(AND(BB33=0,BD33=0),BC33/1,IF(AND(BC33=0,BD33=0),BB33/1,IF(BB33=0,FLOOR((BC33+BD33)/2,0.1),IF(BC33=0,(BB33+BD33)/2,IF(BD33=0,(BC33+BB33)/2,FLOOR(((BB33+BC33+BD33)/3),0.1)))))))) | BF33: 16 | BG33: 36 | BH33: =SUM(BF33:BG33) | BI33: 53 | BJ33: 34 | BK33: =IF(AND(BH33=0,BI33=0,BJ33=0),0,IF(AND(BH33=0,BI33=0),BJ33/1,IF(AND(BH33=0,BJ33=0),BI33/1,IF(AND(BI33=0,BJ33=0),BH33/1,IF(BH33=0,FLOOR((BI33+BJ33)/2,0.1),IF(BI33=0,(BH33+BJ33)/2,IF(BJ33=0,(BI33+BH33)/2,FLOOR(((BH33+BI33+BJ33)/3),0.1)))))))) | BL33: 19 | BM33: 31 | BN33: =SUM(BL33:BM33) | BO33: 40 | BP33: 44 | BQ33: =IF(AND(BN33=0,BO33=0,BP33=0),0,IF(AND(BN33=0,BO33=0),BP33/1,IF(AND(BN33=0,BP33=0),BO33/1,IF(AND(BO33=0,BP33=0),BN33/1,IF(BN33=0,FLOOR((BO33+BP33)/2,0.1),IF(BO33=0,(BN33+BP33)/2,IF(BP33=0,(BO33+BN33)/2,FLOOR(((BN33+BO33+BP33)/3),0.1)))))))) | BT33: =SUM(BR33:BS33) | BW33: =IF(AND(BT33=0,BU33=0,BV33=0),0,IF(AND(BT33=0,BU33=0),BV33/1,IF(AND(BT33=0,BV33=0),BU33/1,IF(AND(BU33=0,BV33=0),BT33/1,IF(BT33=0,FLOOR((BU33+BV33)/2,0.1),IF(BU33=0,(BT33+BV33)/2,IF(BV33=0,(BU33+BT33)/2,FLOOR(((BT33+BU33+BV33)/3),0.1)))))))) | BX33: 20 | BY33: 70 | BZ33: =SUM(BX33:BY33) | CA33: 39 | CB33: 42 | CC33: =IF(AND(BZ33=0,CA33=0,CB33=0),0,IF(AND(BZ33=0,CA33=0),CB33/1,IF(AND(BZ33=0,CB33=0),CA33/1,IF(AND(CA33=0,CB33=0),BZ33/1,IF(BZ33=0,FLOOR((CA33+CB33)/2,0.1),IF(CA33=0,(BZ33+CB33)/2,IF(CB33=0,(CA33+BZ33)/2,FLOOR(((BZ33+CA33+CB33)/3),0.1)))))))) | CD33: 17 | CE33: 46 | CF33: =SUM(CD33:CE33) | CG33: 24 | CH33: 36 | CI33: =IF(AND(CF33=0,CG33=0,CH33=0),0,IF(AND(CF33=0,CG33=0),CH33/1,IF(AND(CF33=0,CH33=0),CG33/1,IF(AND(CG33=0,CH33=0),CF33/1,IF(CF33=0,FLOOR((CG33+CH33)/2,0.1),IF(CG33=0,(CF33+CH33)/2,IF(CH33=0,(CG33+CF33)/2,FLOOR(((CF33+CG33+CH33)/3),0.1)))))))) | CL33: =SUM(CJ33:CK33) | CO33: =IF(AND(CL33=0,CM33=0,CN33=0),0,IF(AND(CL33=0,CM33=0),CN33/1,IF(AND(CL33=0,CN33=0),CM33/1,IF(AND(CM33=0,CN33=0),CL33/1,IF(CL33=0,FLOOR((CM33+CN33)/2,0.1),IF(CM33=0,(CL33+CN33)/2,IF(CN33=0,(CM33+CL33)/2,FLOOR(((CL33+CM33+CN33)/3),0.1)))))))) | CR33: =SUM(CP33:CQ33) | CU33: =IF(AND(CR33=0,CS33=0,CT33=0),0,IF(AND(CR33=0,CS33=0),CT33/1,IF(AND(CR33=0,CT33=0),CS33/1,IF(AND(CS33=0,CT33=0),CR33/1,IF(CR33=0,FLOOR((CS33+CT33)/2,0.1),IF(CS33=0,(CR33+CT33)/2,IF(CT33=0,(CS33+CR33)/2,FLOOR(((CR33+CS33+CT33)/3),0.1)))))))) | CV33: 28 | CW33: 32 | CX33: =SUM(CV33:CW33) | CY33: 10 | CZ33: 15 | DA33: =IF(AND(CX33=0,CY33=0,CZ33=0),0,IF(AND(CX33=0,CY33=0),CZ33/1,IF(AND(CX33=0,CZ33=0),CY33/1,IF(AND(CY33=0,CZ33=0),CX33/1,IF(CX33=0,FLOOR((CY33+CZ33)/2,0.1),IF(CY33=0,(CX33+CZ33)/2,IF(CZ33=0,(CY33+CX33)/2,FLOOR(((CX33+CY33+CZ33)/3),0.1)))))))) | DD33: =SUM(DB33:DC33) | DG33: =IF(AND(DD33=0,DE33=0,DF33=0),0,IF(AND(DD33=0,DE33=0),DF33/1,IF(AND(DD33=0,DF33=0),DE33/1,IF(AND(DE33=0,DF33=0),DD33/1,IF(DD33=0,FLOOR((DE33+DF33)/2,0.1),IF(DE33=0,(DD33+DF33)/2,IF(DF33=0,(DE33+DD33)/2,FLOOR(((DD33+DE33+DF33)/3),0.1)))))))) | DH33: =SUM(O33,U33,AA33,AG33,AM33,AS33,AY33,BE33,BK33,BQ33,BW33,CC33,CI33,CO33,CU33,DA33,DG33) | DI33: =RANK(DH33,DH$4:DH$503) | DJ33: EXCELLENT(5) | DK33: GOOD(4) | DL33: EXCELLENT(5) | DM33: EXCELLENT(5) | DN33: GOOD(4) | DO33: GOOD(4) | DP33: GOOD(4) | DQ33: GOOD(4) | DR33: 2024/2025 | DS33: THIRD | DT33: GOOD(4) | DU33: GOOD(4) | DV33: GOOD(4) | DW33: GOOD(4) | DX33: GOOD(4) | DY33: GOOD(4) | DZ33: GOOD(4) | EA33: Needs to focus more during lessons to achieve full potential. | EB33: Promoted to JSS3 | EC33: MR. JIMOH WASIU OLATUNDE | ED33: Next Term Begins on Monday, 15th September, 2054
A34: 31 | B34: SAHEED JELILAT | C34: 1794 | D34: Female | E34: JSS 2C | F34: 31 | G34: 122 | H34: 108 | I34: =G34-H34 | J34: 20 | K34: 32 | L34: =SUM(J34:K34) | M34: 41 | N34: 57 | O34: =IF(AND(L34=0,M34=0,N34=0),0,IF(AND(L34=0,M34=0),N34/1,IF(AND(L34=0,N34=0),M34/1,IF(AND(M34=0,N34=0),L34/1,IF(L34=0,FLOOR((M34+N34)/2,0.1),IF(M34=0,(L34+N34)/2,IF(N34=0,(M34+L34)/2,FLOOR(((L34+M34+N34)/3),0.1)))))))) | P34: 20 | Q34: 40 | R34: =SUM(P34:Q34) | S34: 70 | T34: 51 | U34: =IF(AND(R34=0,S34=0,T34=0),0,IF(AND(R34=0,S34=0),T34/1,IF(AND(R34=0,T34=0),S34/1,IF(AND(S34=0,T34=0),R34/1,IF(R34=0,FLOOR((S34+T34)/2,0.1),IF(S34=0,(R34+T34)/2,IF(T34=0,(S34+R34)/2,FLOOR(((R34+S34+T34)/3),0.1)))))))) | V34: 25 | W34: 18 | X34: =SUM(V34:W34) | Y34: 64 | Z34: 54 | AA34: =IF(AND(X34=0,Y34=0,Z34=0),0,IF(AND(X34=0,Y34=0),Z34/1,IF(AND(X34=0,Z34=0),Y34/1,IF(AND(Y34=0,Z34=0),X34/1,IF(X34=0,FLOOR((Y34+Z34)/2,0.1),IF(Y34=0,(X34+Z34)/2,IF(Z34=0,(Y34+X34)/2,FLOOR(((X34+Y34+Z34)/3),0.1)))))))) | AB34: 20 | AC34: 42 | AD34: =SUM(AB34:AC34) | AE34: 77 | AF34: 70 | AG34: =IF(AND(AD34=0,AE34=0,AF34=0),0,IF(AND(AD34=0,AE34=0),AF34/1,IF(AND(AD34=0,AF34=0),AE34/1,IF(AND(AE34=0,AF34=0),AD34/1,IF(AD34=0,FLOOR((AE34+AF34)/2,0.1),IF(AE34=0,(AD34+AF34)/2,IF(AF34=0,(AE34+AD34)/2,FLOOR(((AD34+AE34+AF34)/3),0.1)))))))) | AH34: 24 | AI34: 43 | AJ34: =SUM(AH34:AI34) | AK34: 48 | AL34: 58 | AM34: =IF(AND(AJ34=0,AK34=0,AL34=0),0,IF(AND(AJ34=0,AK34=0),AL34/1,IF(AND(AJ34=0,AL34=0),AK34/1,IF(AND(AK34=0,AL34=0),AJ34/1,IF(AJ34=0,FLOOR((AK34+AL34)/2,0.1),IF(AK34=0,(AJ34+AL34)/2,IF(AL34=0,(AK34+AJ34)/2,FLOOR(((AJ34+AK34+AL34)/3),0.1)))))))) | AP34: =SUM(AN34:AO34) | AS34: =IF(AND(AP34=0,AQ34=0,AR34=0),0,IF(AND(AP34=0,AQ34=0),AR34/1,IF(AND(AP34=0,AR34=0),AQ34/1,IF(AND(AQ34=0,AR34=0),AP34/1,IF(AP34=0,FLOOR((AQ34+AR34)/2,0.1),IF(AQ34=0,(AP34+AR34)/2,IF(AR34=0,(AQ34+AP34)/2,FLOOR(((AP34+AQ34+AR34)/3),0.1)))))))) | AT34: 27 | AU34: 34 | AV34: =SUM(AT34:AU34) | AW34: 51 | AX34: 53 | AY34: =IF(AND(AV34=0,AW34=0,AX34=0),0,IF(AND(AV34=0,AW34=0),AX34/1,IF(AND(AV34=0,AX34=0),AW34/1,IF(AND(AW34=0,AX34=0),AV34/1,IF(AV34=0,FLOOR((AW34+AX34)/2,0.1),IF(AW34=0,(AV34+AX34)/2,IF(AX34=0,(AW34+AV34)/2,FLOOR(((AV34+AW34+AX34)/3),0.1)))))))) | AZ34: 24 | BA34: 43 | BB34: =SUM(AZ34:BA34) | BC34: 48 | BD34: 58 | BE34: =IF(AND(BB34=0,BC34=0,BD34=0),0,IF(AND(BB34=0,BC34=0),BD34/1,IF(AND(BB34=0,BD34=0),BC34/1,IF(AND(BC34=0,BD34=0),BB34/1,IF(BB34=0,FLOOR((BC34+BD34)/2,0.1),IF(BC34=0,(BB34+BD34)/2,IF(BD34=0,(BC34+BB34)/2,FLOOR(((BB34+BC34+BD34)/3),0.1)))))))) | BF34: 15 | BG34: 38 | BH34: =SUM(BF34:BG34) | BI34: 60 | BJ34: 40 | BK34: =IF(AND(BH34=0,BI34=0,BJ34=0),0,IF(AND(BH34=0,BI34=0),BJ34/1,IF(AND(BH34=0,BJ34=0),BI34/1,IF(AND(BI34=0,BJ34=0),BH34/1,IF(BH34=0,FLOOR((BI34+BJ34)/2,0.1),IF(BI34=0,(BH34+BJ34)/2,IF(BJ34=0,(BI34+BH34)/2,FLOOR(((BH34+BI34+BJ34)/3),0.1)))))))) | BL34: 17 | BM34: 34 | BN34: =SUM(BL34:BM34) | BO34: 43 | BP34: 68 | BQ34: =IF(AND(BN34=0,BO34=0,BP34=0),0,IF(AND(BN34=0,BO34=0),BP34/1,IF(AND(BN34=0,BP34=0),BO34/1,IF(AND(BO34=0,BP34=0),BN34/1,IF(BN34=0,FLOOR((BO34+BP34)/2,0.1),IF(BO34=0,(BN34+BP34)/2,IF(BP34=0,(BO34+BN34)/2,FLOOR(((BN34+BO34+BP34)/3),0.1)))))))) | BT34: =SUM(BR34:BS34) | BW34: =IF(AND(BT34=0,BU34=0,BV34=0),0,IF(AND(BT34=0,BU34=0),BV34/1,IF(AND(BT34=0,BV34=0),BU34/1,IF(AND(BU34=0,BV34=0),BT34/1,IF(BT34=0,FLOOR((BU34+BV34)/2,0.1),IF(BU34=0,(BT34+BV34)/2,IF(BV34=0,(BU34+BT34)/2,FLOOR(((BT34+BU34+BV34)/3),0.1)))))))) | BX34: 24 | BY34: 69 | BZ34: =SUM(BX34:BY34) | CA34: 58 | CB34: 63 | CC34: =IF(AND(BZ34=0,CA34=0,CB34=0),0,IF(AND(BZ34=0,CA34=0),CB34/1,IF(AND(BZ34=0,CB34=0),CA34/1,IF(AND(CA34=0,CB34=0),BZ34/1,IF(BZ34=0,FLOOR((CA34+CB34)/2,0.1),IF(CA34=0,(BZ34+CB34)/2,IF(CB34=0,(CA34+BZ34)/2,FLOOR(((BZ34+CA34+CB34)/3),0.1)))))))) | CD34: 12 | CE34: 50 | CF34: =SUM(CD34:CE34) | CG34: 32 | CH34: 32 | CI34: =IF(AND(CF34=0,CG34=0,CH34=0),0,IF(AND(CF34=0,CG34=0),CH34/1,IF(AND(CF34=0,CH34=0),CG34/1,IF(AND(CG34=0,CH34=0),CF34/1,IF(CF34=0,FLOOR((CG34+CH34)/2,0.1),IF(CG34=0,(CF34+CH34)/2,IF(CH34=0,(CG34+CF34)/2,FLOOR(((CF34+CG34+CH34)/3),0.1)))))))) | CL34: =SUM(CJ34:CK34) | CO34: =IF(AND(CL34=0,CM34=0,CN34=0),0,IF(AND(CL34=0,CM34=0),CN34/1,IF(AND(CL34=0,CN34=0),CM34/1,IF(AND(CM34=0,CN34=0),CL34/1,IF(CL34=0,FLOOR((CM34+CN34)/2,0.1),IF(CM34=0,(CL34+CN34)/2,IF(CN34=0,(CM34+CL34)/2,FLOOR(((CL34+CM34+CN34)/3),0.1)))))))) | CP34: 17 | CQ34: 47 | CR34: =SUM(CP34:CQ34) | CS34: 46 | CT34: 45 | CU34: =IF(AND(CR34=0,CS34=0,CT34=0),0,IF(AND(CR34=0,CS34=0),CT34/1,IF(AND(CR34=0,CT34=0),CS34/1,IF(AND(CS34=0,CT34=0),CR34/1,IF(CR34=0,FLOOR((CS34+CT34)/2,0.1),IF(CS34=0,(CR34+CT34)/2,IF(CT34=0,(CS34+CR34)/2,FLOOR(((CR34+CS34+CT34)/3),0.1)))))))) | CX34: =SUM(CV34:CW34) | DA34: =IF(AND(CX34=0,CY34=0,CZ34=0),0,IF(AND(CX34=0,CY34=0),CZ34/1,IF(AND(CX34=0,CZ34=0),CY34/1,IF(AND(CY34=0,CZ34=0),CX34/1,IF(CX34=0,FLOOR((CY34+CZ34)/2,0.1),IF(CY34=0,(CX34+CZ34)/2,IF(CZ34=0,(CY34+CX34)/2,FLOOR(((CX34+CY34+CZ34)/3),0.1)))))))) | DD34: =SUM(DB34:DC34) | DG34: =IF(AND(DD34=0,DE34=0,DF34=0),0,IF(AND(DD34=0,DE34=0),DF34/1,IF(AND(DD34=0,DF34=0),DE34/1,IF(AND(DE34=0,DF34=0),DD34/1,IF(DD34=0,FLOOR((DE34+DF34)/2,0.1),IF(DE34=0,(DD34+DF34)/2,IF(DF34=0,(DE34+DD34)/2,FLOOR(((DD34+DE34+DF34)/3),0.1)))))))) | DH34: =SUM(O34,U34,AA34,AG34,AM34,AS34,AY34,BE34,BK34,BQ34,BW34,CC34,CI34,CO34,CU34,DA34,DG34) | DI34: =RANK(DH34,DH$4:DH$503) | DJ34: GOOD(4) | DK34: GOOD(4) | DL34: EXCELLENT(5) | DM34: EXCELLENT(5) | DN34: GOOD(4) | DO34: GOOD(4) | DP34: GOOD(4) | DQ34: GOOD(4) | DR34: 2024/2025 | DS34: THIRD | DT34: GOOD(4) | DU34: GOOD(4) | DV34: GOOD(4) | DW34: GOOD(4) | DX34: GOOD(4) | DY34: GOOD(4) | DZ34: GOOD(4) | EA34: Excels in most subjects and demonstrates a strong grasp of concepts. | EB34: Promoted to JSS3 | EC34: MR. JIMOH WASIU OLATUNDE | ED34: Next Term Begins on Monday, 15th September, 2055
